Record Length,2500,Points,0.0,118.8000E-3,
Sample Interval,4.00000E-3,s,4.00000E-3,118.8000E-3,
Trigger Point,0.0,Samples,8.000000E-3,118.8000E-3,
,,,12.0000E-3,118.8000E-3,
,,,16.0000E-3,118.8000E-3,
,,,20.0000E-3,118.8000E-3,
Source,CH1,,24.00000E-3,118.8000E-3,
Vertical Units,Volts,,28.00000E-3,118.8000E-3,
Vertical Scale,10.00000E-3,,32.00000E-3,118.8000E-3,
Vertical Offset,0,,36.00000E-3,118.8000E-3,
Horizontal Units,s,,40.00000E-3,118.8000E-3,
Horizontal Scale,1.0000,,44.00000E-3,118.8000E-3,
Pt Fmt,Y,,48.00000E-3,118.8000E-3,
Yzero,-17.0000,,52.00000E-3,118.8000E-3,
Probe Atten,10.0000,,56.000002E-3,118.8000E-3,
,,,60.000002E-3,118.8000E-3,
Note,TDS 1002C-EDU - 4:23:09 PM   6/18/2013,,64.000003E-3,118.8000E-3,
,,,68.000004E-3,118.8000E-3,
,,,72.000004E-3,118.8000E-3,
,,,76.000005E-3,118.8000E-3,
,,,80.000006E-3,118.8000E-3,
,,,84.000006E-3,118.8000E-3,
,,,88.000007E-3,118.8000E-3,
,,,92.000008E-3,118.8000E-3,
,,,96.000001E-3,118.8000E-3,
,,,100.0000E-3,118.8000E-3,
,,,104.0000E-3,118.8000E-3,
,,,108.0000E-3,118.8000E-3,
,,,112.0000E-3,118.8000E-3,
,,,116.0000E-3,118.8000E-3,
,,,120.0000E-3,118.8000E-3,
,,,124.0000E-3,118.8000E-3,
,,,128.0000E-3,118.8000E-3,
,,,132.0000E-3,118.8000E-3,
,,,136.0000E-3,118.8000E-3,
,,,140.0000E-3,118.8000E-3,
,,,144.0000E-3,118.8000E-3,
,,,148.0000E-3,118.8000E-3,
,,,152.00001E-3,118.8000E-3,
,,,156.00000E-3,118.8000E-3,
,,,160.00001E-3,118.8000E-3,
,,,164.00000E-3,118.8000E-3,
,,,168.00001E-3,118.8000E-3,
,,,172.00001E-3,118.8000E-3,
,,,176.00001E-3,118.8000E-3,
,,,180.00001E-3,118.8000E-3,
,,,184.00002E-3,118.8000E-3,
,,,188.00001E-3,118.8000E-3,
,,,192.00000E-3,118.8000E-3,
,,,196.00001E-3,118.8000E-3,
,,,200.00000E-3,118.8000E-3,
,,,204.00001E-3,118.8000E-3,
,,,208.00000E-3,118.8000E-3,
,,,212.00001E-3,118.8000E-3,
,,,216.00001E-3,118.8000E-3,
,,,220.00001E-3,118.8000E-3,
,,,224.00001E-3,118.8000E-3,
,,,228.00002E-3,118.8000E-3,
,,,232.00001E-3,118.8000E-3,
,,,236.00002E-3,118.8000E-3,
,,,240.00001E-3,118.8000E-3,
,,,244.00002E-3,118.8000E-3,
,,,248.00001E-3,118.8000E-3,
,,,252.00000E-3,118.8000E-3,
,,,256.00001E-3,118.8000E-3,
,,,260.00002E-3,118.8000E-3,
,,,264.00000E-3,118.8000E-3,
,,,268.00001E-3,118.8000E-3,
,,,272.00001E-3,118.8000E-3,
,,,276.00002E-3,118.8000E-3,
,,,280.00000E-3,118.8000E-3,
,,,284.00001E-3,118.8000E-3,
,,,288.00002E-3,118.8000E-3,
,,,292.00003E-3,118.8000E-3,
,,,296.00000E-3,118.8000E-3,
,,,300.00001E-3,118.8000E-3,
,,,304.00002E-3,118.8000E-3,
,,,308.00003E-3,118.8000E-3,
,,,312.00001E-3,118.8000E-3,
,,,316.00001E-3,118.8000E-3,
,,,320.00002E-3,118.8000E-3,
,,,324.00000E-3,118.8000E-3,
,,,328.00001E-3,118.8000E-3,
,,,332.00002E-3,118.8000E-3,
,,,336.00003E-3,118.8000E-3,
,,,340.00000E-3,118.8000E-3,
,,,344.00001E-3,118.8000E-3,
,,,348.00002E-3,118.8000E-3,
,,,352.00003E-3,118.8000E-3,
,,,356.00001E-3,118.8000E-3,
,,,360.00001E-3,118.8000E-3,
,,,364.00002E-3,118.8000E-3,
,,,368.00003E-3,118.8000E-3,
,,,372.00001E-3,118.8000E-3,
,,,376.00002E-3,118.8000E-3,
,,,380.00003E-3,118.8000E-3,
,,,384.00000E-3,118.8000E-3,
,,,388.00001E-3,118.8000E-3,
,,,392.00002E-3,118.8000E-3,
,,,396.00003E-3,118.8000E-3,
,,,400.00001E-3,118.8000E-3,
,,,404.000014E-3,118.8000E-3,
,,,408.000022E-3,118.8000E-3,
,,,412.000030E-3,118.8000E-3,
,,,416.000009E-3,118.8000E-3,
,,,420.000017E-3,118.8000E-3,
,,,424.000025E-3,118.8000E-3,
,,,428.000033E-3,118.8000E-3,
,,,432.000011E-3,118.8000E-3,
,,,436.000019E-3,118.8000E-3,
,,,440.000027E-3,118.8000E-3,
,,,444.000036E-3,118.8000E-3,
,,,448.000014E-3,118.8000E-3,
,,,452.000022E-3,118.8000E-3,
,,,456.000030E-3,118.8000E-3,
,,,460.000008E-3,118.8000E-3,
,,,464.000016E-3,118.8000E-3,
,,,468.000025E-3,118.8000E-3,
,,,472.000033E-3,118.8000E-3,
,,,476.000011E-3,118.8000E-3,
,,,480.000019E-3,118.8000E-3,
,,,484.000027E-3,118.8000E-3,
,,,488.000035E-3,118.8000E-3,
,,,492.000014E-3,118.8000E-3,
,,,496.000022E-3,118.8000E-3,
,,,500.000000E-3,118.8000E-3,
,,,504.000008E-3,118.8000E-3,
,,,508.000016E-3,118.8000E-3,
,,,512.000024E-3,118.8000E-3,
,,,516.000032E-3,118.8000E-3,
,,,520.000041E-3,118.8000E-3,
,,,524.000049E-3,118.8000E-3,
,,,527.999997E-3,118.8000E-3,
,,,532.000005E-3,118.8000E-3,
,,,536.000013E-3,118.8000E-3,
,,,540.000021E-3,118.8000E-3,
,,,544.000030E-3,118.8000E-3,
,,,548.000038E-3,118.8000E-3,
,,,552.000046E-3,118.8000E-3,
,,,556.000054E-3,118.8000E-3,
,,,560.000002E-3,118.8000E-3,
,,,564.000010E-3,118.8000E-3,
,,,568.000019E-3,118.8000E-3,
,,,572.000027E-3,118.8000E-3,
,,,576.000035E-3,118.8000E-3,
,,,580.000043E-3,118.8000E-3,
,,,584.000051E-3,118.8000E-3,
,,,588.000000E-3,118.8000E-3,
,,,592.000008E-3,118.8000E-3,
,,,596.000016E-3,118.8000E-3,
,,,600.000024E-3,118.8000E-3,
,,,604.000032E-3,118.8000E-3,
,,,608.000040E-3,118.8000E-3,
,,,612.000048E-3,118.8000E-3,
,,,616.000056E-3,118.8000E-3,
,,,620.000005E-3,118.8000E-3,
,,,624.000013E-3,118.8000E-3,
,,,628.000021E-3,198.39999E-3,
,,,632.000029E-3,199.60000E-3,
,,,636.000037E-3,192.80000E-3,
,,,640.000045E-3,198.00000E-3,
,,,644.000053E-3,198.00000E-3,
,,,648.000002E-3,195.59999E-3,
,,,652.000010E-3,196.40000E-3,
,,,656.000018E-3,195.59999E-3,
,,,660.000026E-3,197.20000E-3,
,,,664.000034E-3,199.60000E-3,
,,,668.000042E-3,198.39999E-3,
,,,672.000051E-3,199.99999E-3,
,,,676.000059E-3,199.99999E-3,
,,,680.000007E-3,193.99999E-3,
,,,684.000015E-3,197.59999E-3,
,,,688.000023E-3,198.39999E-3,
,,,692.000031E-3,199.60000E-3,
,,,696.000040E-3,194.40000E-3,
,,,700.000048E-3,199.19999E-3,
,,,704.000056E-3,197.59999E-3,
,,,708.000004E-3,200.80000E-3,
,,,712.000012E-3,194.40000E-3,
,,,716.000021E-3,193.19999E-3,
,,,720.000029E-3,199.60000E-3,
,,,724.000037E-3,203.20000E-3,
,,,728.000045E-3,196.40000E-3,
,,,732.000053E-3,192.00000E-3,
,,,736.000061E-3,198.39999E-3,
,,,740.000010E-3,203.20000E-3,
,,,744.000018E-3,198.39999E-3,
,,,748.000026E-3,194.79999E-3,
,,,752.000034E-3,195.99999E-3,
,,,756.000042E-3,201.60000E-3,
,,,760.000050E-3,201.19999E-3,
,,,764.000058E-3,195.59999E-3,
,,,768.000007E-3,194.79999E-3,
,,,772.000015E-3,198.80000E-3,
,,,776.000023E-3,206.39999E-3,
,,,780.000031E-3,197.20000E-3,
,,,784.000039E-3,192.80000E-3,
,,,788.000047E-3,195.20000E-3,
,,,792.000055E-3,201.99999E-3,
,,,796.000063E-3,201.60000E-3,
,,,800.000012E-3,194.40000E-3,
,,,804.000020E-3,194.40000E-3,
,,,808.000028E-3,198.80000E-3,
,,,812.000036E-3,196.79999E-3,
,,,816.000044E-3,196.79999E-3,
,,,820.000052E-3,192.80000E-3,
,,,824.000061E-3,198.80000E-3,
,,,828.000069E-3,202.79999E-3,
,,,832.000017E-3,199.60000E-3,
,,,836.000025E-3,194.79999E-3,
,,,840.000033E-3,198.00000E-3,
,,,844.000041E-3,199.99999E-3,
,,,848.000050E-3,199.60000E-3,
,,,852.000058E-3,200.39999E-3,
,,,856.000066E-3,197.20000E-3,
,,,860.000014E-3,197.20000E-3,
,,,864.000022E-3,199.60000E-3,
,,,868.000031E-3,201.99999E-3,
,,,872.000039E-3,198.39999E-3,
,,,876.000047E-3,198.39999E-3,
,,,880.000055E-3,195.99999E-3,
,,,884.000063E-3,198.00000E-3,
,,,888.000071E-3,199.19999E-3,
,,,892.000020E-3,202.79999E-3,
,,,896.000028E-3,193.19999E-3,
,,,900.000036E-3,199.99999E-3,
,,,904.000044E-3,201.99999E-3,
,,,908.000052E-3,201.19999E-3,
,,,912.000060E-3,195.20000E-3,
,,,916.000068E-3,194.79999E-3,
,,,920.000017E-3,199.60000E-3,
,,,924.000025E-3,204.79999E-3,
,,,928.000033E-3,197.59999E-3,
,,,932.000041E-3,193.60000E-3,
,,,936.000049E-3,202.79999E-3,
,,,940.000057E-3,206.00000E-3,
,,,944.000065E-3,201.60000E-3,
,,,948.000073E-3,193.60000E-3,
,,,952.000022E-3,193.99999E-3,
,,,956.000030E-3,200.80000E-3,
,,,960.000038E-3,202.79999E-3,
,,,964.000046E-3,193.99999E-3,
,,,968.000054E-3,193.19999E-3,
,,,972.000062E-3,203.59999E-3,
,,,976.000071E-3,202.40000E-3,
,,,980.000019E-3,198.80000E-3,
,,,984.000027E-3,193.99999E-3,
,,,988.000035E-3,192.80000E-3,
,,,992.000043E-3,206.80000E-3,
,,,996.000051E-3,201.19999E-3,
,,,1.000,194.79999E-3,
,,,1.0040,194.40000E-3,
,,,1.0080,205.20000E-3,
,,,1.0120,201.19999E-3,
,,,1.0160,201.60000E-3,
,,,1.0200,195.20000E-3,
,,,1.0240,201.99999E-3,
,,,1.0280,202.40000E-3,
,,,1.0320,197.20000E-3,
,,,1.0360,197.20000E-3,
,,,1.0400,200.80000E-3,
,,,1.0440,204.39999E-3,
,,,1.0480,200.39999E-3,
,,,1.0520,200.39999E-3,
,,,1.0560,197.59999E-3,
,,,1.0600,199.99999E-3,
,,,1.0640,201.60000E-3,
,,,1.0680,198.00000E-3,
,,,1.0720,199.60000E-3,
,,,1.0760,200.39999E-3,
,,,1.0800,199.19999E-3,
,,,1.0840,200.39999E-3,
,,,1.0880,201.19999E-3,
,,,1.0920,202.79999E-3,
,,,1.0960,195.99999E-3,
,,,1.1000,199.99999E-3,
,,,1.1040,197.59999E-3,
,,,1.1080,204.39999E-3,
,,,1.1120,197.20000E-3,
,,,1.1160,198.00000E-3,
,,,1.1200,199.99999E-3,
,,,1.1240,206.80000E-3,
,,,1.1280,197.20000E-3,
,,,1.1320,194.79999E-3,
,,,1.1360,200.80000E-3,
,,,1.1400,204.39999E-3,
,,,1.1440,204.00000E-3,
,,,1.1480,194.79999E-3,
,,,1.1520,198.00000E-3,
,,,1.1560,203.59999E-3,
,,,1.1600,204.39999E-3,
,,,1.1640,195.99999E-3,
,,,1.1680,193.60000E-3,
,,,1.1720,201.99999E-3,
,,,1.1760,205.59999E-3,
,,,1.1800,199.19999E-3,
,,,1.1840,195.59999E-3,
,,,1.1880,197.20000E-3,
,,,1.1920,205.59999E-3,
,,,1.1960,203.59999E-3,
,,,1.2000,195.20000E-3,
,,,1.2040,195.99999E-3,
,,,1.2080,205.20000E-3,
,,,1.2120,203.59999E-3,
,,,1.2160,199.60000E-3,
,,,1.2200,195.99999E-3,
,,,1.2240,201.19999E-3,
,,,1.2280,204.39999E-3,
,,,1.2320,200.80000E-3,
,,,1.2360,196.79999E-3,
,,,1.2400,199.60000E-3,
,,,1.2440,206.80000E-3,
,,,1.2480,201.99999E-3,
,,,1.2520,201.19999E-3,
,,,1.2560,198.39999E-3,
,,,1.2600,200.39999E-3,
,,,1.2640,202.40000E-3,
,,,1.2680,199.19999E-3,
,,,1.2720,198.39999E-3,
,,,1.2760,197.20000E-3,
,,,1.2800,201.19999E-3,
,,,1.2840,199.19999E-3,
,,,1.2880,199.60000E-3,
,,,1.2920,199.99999E-3,
,,,1.2960,195.99999E-3,
,,,1.3000,199.19999E-3,
,,,1.3040,199.99999E-3,
,,,1.3080,201.99999E-3,
,,,1.3120,198.00000E-3,
,,,1.3160,199.99999E-3,
,,,1.3200,200.39999E-3,
,,,1.3240,204.39999E-3,
,,,1.3280,198.80000E-3,
,,,1.3320,195.99999E-3,
,,,1.3360,199.99999E-3,
,,,1.3400,203.59999E-3,
,,,1.3440,201.60000E-3,
,,,1.3480,195.20000E-3,
,,,1.3520,198.39999E-3,
,,,1.3560,203.59999E-3,
,,,1.3600,205.59999E-3,
,,,1.3640,195.20000E-3,
,,,1.3680,198.39999E-3,
,,,1.3720,199.99999E-3,
,,,1.3760,205.59999E-3,
,,,1.3800,202.40000E-3,
,,,1.3840,196.79999E-3,
,,,1.3880,201.99999E-3,
,,,1.3920,204.39999E-3,
,,,1.3960,204.00000E-3,
,,,1.4000,198.39999E-3,
,,,1.4040,197.59999E-3,
,,,1.4080,207.60000E-3,
,,,1.4120,204.00000E-3,
,,,1.4160,203.59999E-3,
,,,1.4200,196.40000E-3,
,,,1.4240,204.00000E-3,
,,,1.4280,205.20000E-3,
,,,1.4320,202.40000E-3,
,,,1.4360,198.00000E-3,
,,,1.4400,201.60000E-3,
,,,1.4440,205.59999E-3,
,,,1.4480,202.79999E-3,
,,,1.4520,201.60000E-3,
,,,1.4560,199.99999E-3,
,,,1.4600,204.79999E-3,
,,,1.4640,202.79999E-3,
,,,1.4680,202.40000E-3,
,,,1.4720,199.99999E-3,
,,,1.4760,204.00000E-3,
,,,1.4800,204.79999E-3,
,,,1.4840,204.79999E-3,
,,,1.4880,205.20000E-3,
,,,1.4920,203.59999E-3,
,,,1.4960,205.59999E-3,
,,,1.5000,202.79999E-3,
,,,1.5040,200.80000E-3,
,,,1.5080,206.00000E-3,
,,,1.5120,201.60000E-3,
,,,1.5160,201.60000E-3,
,,,1.5200,200.39999E-3,
,,,1.5240,205.59999E-3,
,,,1.5280,199.99999E-3,
,,,1.5320,201.60000E-3,
,,,1.5360,201.60000E-3,
,,,1.5400,204.39999E-3,
,,,1.5440,206.39999E-3,
,,,1.5480,197.20000E-3,
,,,1.5520,203.20000E-3,
,,,1.5560,204.00000E-3,
,,,1.5600,208.40000E-3,
,,,1.5640,197.20000E-3,
,,,1.5680,199.99999E-3,
,,,1.5720,203.59999E-3,
,,,1.5760,214.80000E-3,
,,,1.5800,201.99999E-3,
,,,1.5840,197.59999E-3,
,,,1.5880,202.79999E-3,
,,,1.5920,209.99999E-3,
,,,1.5960,207.60000E-3,
,,,1.6000,197.59999E-3,
,,,1.6040,195.99999E-3,
,,,1.6080,207.99999E-3,
,,,1.6120,205.59999E-3,
,,,1.6160,198.80000E-3,
,,,1.6200,196.79999E-3,
,,,1.6240,206.39999E-3,
,,,1.6280,205.59999E-3,
,,,1.6320,202.79999E-3,
,,,1.6360,198.39999E-3,
,,,1.6400,204.79999E-3,
,,,1.6440,204.79999E-3,
,,,1.6480,204.00000E-3,
,,,1.6520,200.39999E-3,
,,,1.6560,199.60000E-3,
,,,1.6600,210.40000E-3,
,,,1.6640,203.20000E-3,
,,,1.6680,202.79999E-3,
,,,1.6720,201.19999E-3,
,,,1.6760,204.39999E-3,
,,,1.6800,205.59999E-3,
,,,1.6840,205.59999E-3,
,,,1.6880,204.79999E-3,
,,,1.6920,203.59999E-3,
,,,1.6960,207.19999E-3,
,,,1.7000,204.79999E-3,
,,,1.7040,204.79999E-3,
,,,1.7080,207.60000E-3,
,,,1.7120,202.79999E-3,
,,,1.7160,203.20000E-3,
,,,1.7200,210.40000E-3,
,,,1.7240,206.80000E-3,
,,,1.7280,204.79999E-3,
,,,1.7320,202.79999E-3,
,,,1.7360,203.59999E-3,
,,,1.7400,206.00000E-3,
,,,1.7440,206.00000E-3,
,,,1.7480,204.00000E-3,
,,,1.7520,204.79999E-3,
,,,1.7560,206.00000E-3,
,,,1.7600,209.19999E-3,
,,,1.7640,198.80000E-3,
,,,1.7680,201.60000E-3,
,,,1.7720,204.39999E-3,
,,,1.7760,210.79999E-3,
,,,1.7800,200.80000E-3,
,,,1.7840,199.60000E-3,
,,,1.7880,205.59999E-3,
,,,1.7920,206.80000E-3,
,,,1.7960,206.39999E-3,
,,,1.8000,199.60000E-3,
,,,1.8040,199.60000E-3,
,,,1.8080,210.79999E-3,
,,,1.8120,206.80000E-3,
,,,1.8160,196.79999E-3,
,,,1.8200,199.60000E-3,
,,,1.8240,208.40000E-3,
,,,1.8280,207.19999E-3,
,,,1.8320,206.39999E-3,
,,,1.8360,201.60000E-3,
,,,1.8400,205.59999E-3,
,,,1.8440,209.19999E-3,
,,,1.8480,205.59999E-3,
,,,1.8520,203.20000E-3,
,,,1.8560,199.60000E-3,
,,,1.8600,209.19999E-3,
,,,1.8640,203.59999E-3,
,,,1.8680,204.39999E-3,
,,,1.8720,199.19999E-3,
,,,1.8760,208.40000E-3,
,,,1.8800,206.00000E-3,
,,,1.8840,202.40000E-3,
,,,1.8880,201.60000E-3,
,,,1.8920,204.39999E-3,
,,,1.8960,207.99999E-3,
,,,1.9000,200.39999E-3,
,,,1.9040,205.20000E-3,
,,,1.9080,205.59999E-3,
,,,1.9120,204.39999E-3,
,,,1.9160,204.00000E-3,
,,,1.9200,204.79999E-3,
,,,1.9240,206.39999E-3,
,,,1.9280,203.59999E-3,
,,,1.9320,203.59999E-3,
,,,1.9360,203.20000E-3,
,,,1.9400,208.40000E-3,
,,,1.9440,205.20000E-3,
,,,1.9480,203.59999E-3,
,,,1.9520,206.00000E-3,
,,,1.9560,206.39999E-3,
,,,1.9600,211.20000E-3,
,,,1.9640,201.19999E-3,
,,,1.9680,203.59999E-3,
,,,1.9720,205.20000E-3,
,,,1.9760,211.59999E-3,
,,,1.9800,204.39999E-3,
,,,1.9840,198.80000E-3,
,,,1.9880,206.80000E-3,
,,,1.9920,206.39999E-3,
,,,1.9960,205.59999E-3,
,,,2.0000,201.19999E-3,
,,,2.0040,204.79999E-3,
,,,2.0080,210.40000E-3,
,,,2.0120,209.19999E-3,
,,,2.0160,201.60000E-3,
,,,2.0200,201.99999E-3,
,,,2.0240,208.79999E-3,
,,,2.0280,209.19999E-3,
,,,2.0320,205.20000E-3,
,,,2.0360,200.80000E-3,
,,,2.0400,220.80000E-3,
,,,2.0440,205.20000E-3,
,,,2.0480,207.19999E-3,
,,,2.0520,206.80000E-3,
,,,2.0560,209.60000E-3,
,,,2.0600,220.80000E-3,
,,,2.0640,207.60000E-3,
,,,2.0680,205.59999E-3,
,,,2.0720,204.00000E-3,
,,,2.0760,211.59999E-3,
,,,2.0800,207.60000E-3,
,,,2.0840,207.60000E-3,
,,,2.0880,206.00000E-3,
,,,2.0920,205.59999E-3,
,,,2.0960,205.59999E-3,
,,,2.1000,206.39999E-3,
,,,2.1040,202.79999E-3,
,,,2.1080,207.19999E-3,
,,,2.1120,208.40000E-3,
,,,2.1160,201.99999E-3,
,,,2.1200,205.59999E-3,
,,,2.1240,204.00000E-3,
,,,2.1280,206.39999E-3,
,,,2.1320,207.19999E-3,
,,,2.1360,204.00000E-3,
,,,2.1400,202.40000E-3,
,,,2.1440,201.99999E-3,
,,,2.1480,193.99999E-3,
,,,2.1520,190.00000E-3,
,,,2.1560,186.40000E-3,
,,,2.1600,186.40000E-3,
,,,2.1640,177.60000E-3,
,,,2.1680,175.59999E-3,
,,,2.1720,176.00000E-3,
,,,2.1760,179.60000E-3,
,,,2.1800,173.59999E-3,
,,,2.1840,172.40000E-3,
,,,2.1880,172.79999E-3,
,,,2.1920,175.59999E-3,
,,,2.1960,173.59999E-3,
,,,2.2000,170.00000E-3,
,,,2.2040,170.00000E-3,
,,,2.2080,173.99999E-3,
,,,2.2120,173.20000E-3,
,,,2.2160,171.19999E-3,
,,,2.2200,169.60000E-3,
,,,2.2240,172.40000E-3,
,,,2.2280,174.40000E-3,
,,,2.2320,170.00000E-3,
,,,2.2360,168.00000E-3,
,,,2.2400,170.80000E-3,
,,,2.2440,174.79999E-3,
,,,2.2480,169.60000E-3,
,,,2.2520,170.39999E-3,
,,,2.2560,170.80000E-3,
,,,2.2600,174.40000E-3,
,,,2.2640,170.80000E-3,
,,,2.2680,170.00000E-3,
,,,2.2720,170.39999E-3,
,,,2.2760,173.59999E-3,
,,,2.2800,171.99999E-3,
,,,2.2840,169.60000E-3,
,,,2.2880,170.00000E-3,
,,,2.2920,173.20000E-3,
,,,2.2960,172.40000E-3,
,,,2.3000,169.60000E-3,
,,,2.3040,169.20000E-3,
,,,2.3080,173.59999E-3,
,,,2.3120,174.40000E-3,
,,,2.3160,169.60000E-3,
,,,2.3200,170.39999E-3,
,,,2.3240,173.20000E-3,
,,,2.3280,173.59999E-3,
,,,2.3320,169.60000E-3,
,,,2.3360,170.39999E-3,
,,,2.3400,171.99999E-3,
,,,2.3440,174.40000E-3,
,,,2.3480,170.00000E-3,
,,,2.3520,169.60000E-3,
,,,2.3560,173.20000E-3,
,,,2.3600,175.20000E-3,
,,,2.3640,170.00000E-3,
,,,2.3680,169.60000E-3,
,,,2.3720,170.00000E-3,
,,,2.3760,174.40000E-3,
,,,2.3800,176.00000E-3,
,,,2.3840,169.60000E-3,
,,,2.3880,169.60000E-3,
,,,2.3920,174.40000E-3,
,,,2.3960,170.00000E-3,
,,,2.4000,170.00000E-3,
,,,2.4040,170.00000E-3,
,,,2.4080,173.20000E-3,
,,,2.4120,172.79999E-3,
,,,2.4160,169.20000E-3,
,,,2.4200,169.60000E-3,
,,,2.4240,172.40000E-3,
,,,2.4280,173.20000E-3,
,,,2.4320,170.00000E-3,
,,,2.4360,169.20000E-3,
,,,2.4400,171.60000E-3,
,,,2.4440,174.40000E-3,
,,,2.4480,169.20000E-3,
,,,2.4520,169.20000E-3,
,,,2.4560,169.20000E-3,
,,,2.4600,174.40000E-3,
,,,2.4640,171.19999E-3,
,,,2.4680,169.20000E-3,
,,,2.4720,170.80000E-3,
,,,2.4760,174.79999E-3,
,,,2.4800,171.99999E-3,
,,,2.4840,169.60000E-3,
,,,2.4880,170.39999E-3,
,,,2.4920,173.20000E-3,
,,,2.4960,173.20000E-3,
,,,2.5000,169.60000E-3,
,,,2.5040,169.60000E-3,
,,,2.5080,172.40000E-3,
,,,2.5120,173.99999E-3,
,,,2.5160,169.20000E-3,
,,,2.5200,168.80000E-3,
,,,2.5240,172.79999E-3,
,,,2.5280,173.99999E-3,
,,,2.5320,170.00000E-3,
,,,2.5360,169.20000E-3,
,,,2.5400,170.80000E-3,
,,,2.5440,173.99999E-3,
,,,2.5480,170.39999E-3,
,,,2.5520,168.80000E-3,
,,,2.5560,170.80000E-3,
,,,2.5600,173.59999E-3,
,,,2.5640,168.80000E-3,
,,,2.5680,169.60000E-3,
,,,2.5720,168.80000E-3,
,,,2.5760,173.20000E-3,
,,,2.5800,170.80000E-3,
,,,2.5840,169.60000E-3,
,,,2.5880,168.39999E-3,
,,,2.5920,173.59999E-3,
,,,2.5960,173.20000E-3,
,,,2.6000,170.80000E-3,
,,,2.6040,171.99999E-3,
,,,2.6080,172.40000E-3,
,,,2.6120,173.99999E-3,
,,,2.6160,169.20000E-3,
,,,2.6200,170.00000E-3,
,,,2.6240,170.80000E-3,
,,,2.6280,171.99999E-3,
,,,2.6320,169.20000E-3,
,,,2.6360,170.00000E-3,
,,,2.6400,171.99999E-3,
,,,2.6440,173.59999E-3,
,,,2.6480,169.60000E-3,
,,,2.6520,168.39999E-3,
,,,2.6560,170.80000E-3,
,,,2.6600,173.20000E-3,
,,,2.6640,170.00000E-3,
,,,2.6680,169.20000E-3,
,,,2.6720,169.20000E-3,
,,,2.6760,174.40000E-3,
,,,2.6800,171.19999E-3,
,,,2.6840,168.39999E-3,
,,,2.6880,170.00000E-3,
,,,2.6920,174.40000E-3,
,,,2.6960,173.59999E-3,
,,,2.7000,170.80000E-3,
,,,2.7040,169.60000E-3,
,,,2.7080,173.20000E-3,
,,,2.7120,174.40000E-3,
,,,2.7160,172.40000E-3,
,,,2.72000,170.80000E-3,
,,,2.72400,172.79999E-3,
,,,2.72800,174.79999E-3,
,,,2.73200,170.80000E-3,
,,,2.73600,170.39999E-3,
,,,2.74000,172.79999E-3,
,,,2.74400,175.59999E-3,
,,,2.74800,170.00000E-3,
,,,2.75200,170.00000E-3,
,,,2.75600,171.99999E-3,
,,,2.76000,176.80000E-3,
,,,2.76400,171.99999E-3,
,,,2.76800,171.60000E-3,
,,,2.77200,171.60000E-3,
,,,2.77600,176.80000E-3,
,,,2.78000,173.99999E-3,
,,,2.78400,171.19999E-3,
,,,2.78800,171.99999E-3,
,,,2.79200,176.39999E-3,
,,,2.79600,176.80000E-3,
,,,2.80000,171.99999E-3,
,,,2.80400,171.19999E-3,
,,,2.80800,174.40000E-3,
,,,2.81200,176.80000E-3,
,,,2.81600,172.40000E-3,
,,,2.82000,173.59999E-3,
,,,2.82400,174.40000E-3,
,,,2.82800,177.99999E-3,
,,,2.83200,171.99999E-3,
,,,2.83600,172.40000E-3,
,,,2.84000,173.59999E-3,
,,,2.84400,177.19999E-3,
,,,2.84800,173.20000E-3,
,,,2.85200,172.79999E-3,
,,,2.85600,174.40000E-3,
,,,2.86000,179.19999E-3,
,,,2.86400,174.40000E-3,
,,,2.86800,173.59999E-3,
,,,2.87200,170.00000E-3,
,,,2.87600,178.80000E-3,
,,,2.88000,177.19999E-3,
,,,2.88400,173.99999E-3,
,,,2.88800,173.20000E-3,
,,,2.89200,178.80000E-3,
,,,2.89600,177.19999E-3,
,,,2.90000,174.79999E-3,
,,,2.90400,174.40000E-3,
,,,2.90800,176.39999E-3,
,,,2.91200,179.19999E-3,
,,,2.91600,175.20000E-3,
,,,2.92000,175.59999E-3,
,,,2.92400,177.19999E-3,
,,,2.92800,179.60000E-3,
,,,2.93200,175.59999E-3,
,,,2.93600,176.00000E-3,
,,,2.94000,176.00000E-3,
,,,2.94400,179.19999E-3,
,,,2.94800,176.39999E-3,
,,,2.95200,175.59999E-3,
,,,2.95600,176.80000E-3,
,,,2.96000,179.19999E-3,
,,,2.96400,176.80000E-3,
,,,2.96800,176.00000E-3,
,,,2.97200,174.40000E-3,
,,,2.97600,181.20000E-3,
,,,2.98000,177.99999E-3,
,,,2.98400,176.39999E-3,
,,,2.98800,176.00000E-3,
,,,2.99200,182.00000E-3,
,,,2.99600,179.19999E-3,
,,,3.00000,176.39999E-3,
,,,3.00400,176.39999E-3,
,,,3.00800,179.19999E-3,
,,,3.01200,180.40000E-3,
,,,3.01600,177.60000E-3,
,,,3.02000,176.80000E-3,
,,,3.02400,179.19999E-3,
,,,3.02800,181.59999E-3,
,,,3.03200,176.80000E-3,
,,,3.03600,176.80000E-3,
,,,3.04000,177.60000E-3,
,,,3.04400,181.59999E-3,
,,,3.04800,179.19999E-3,
,,,3.05200,175.59999E-3,
,,,3.05600,177.99999E-3,
,,,3.06000,182.39999E-3,
,,,3.06400,179.19999E-3,
,,,3.06800,176.80000E-3,
,,,3.07200,176.00000E-3,
,,,3.07600,182.79999E-3,
,,,3.08000,185.60000E-3,
,,,3.08400,177.60000E-3,
,,,3.08800,177.60000E-3,
,,,3.09200,182.79999E-3,
,,,3.09600,182.00000E-3,
,,,3.10000,178.80000E-3,
,,,3.10400,177.19999E-3,
,,,3.10800,181.20000E-3,
,,,3.11200,184.00000E-3,
,,,3.11600,179.60000E-3,
,,,3.12000,178.80000E-3,
,,,3.12400,179.60000E-3,
,,,3.12800,184.00000E-3,
,,,3.13200,180.40000E-3,
,,,3.13600,179.19999E-3,
,,,3.14000,180.40000E-3,
,,,3.14400,183.20000E-3,
,,,3.14800,180.79999E-3,
,,,3.15200,179.60000E-3,
,,,3.15600,180.79999E-3,
,,,3.16000,183.59999E-3,
,,,3.16400,181.59999E-3,
,,,3.16800,180.40000E-3,
,,,3.17200,179.99999E-3,
,,,3.17600,184.39999E-3,
,,,3.18000,182.79999E-3,
,,,3.18400,181.20000E-3,
,,,3.18800,184.39999E-3,
,,,3.19200,183.59999E-3,
,,,3.19600,183.59999E-3,
,,,3.20000,180.79999E-3,
,,,3.20400,179.99999E-3,
,,,3.20800,184.39999E-3,
,,,3.21200,182.39999E-3,
,,,3.21600,180.79999E-3,
,,,3.22000,180.79999E-3,
,,,3.22400,182.79999E-3,
,,,3.22800,185.60000E-3,
,,,3.23200,181.20000E-3,
,,,3.23600,181.20000E-3,
,,,3.24000,182.79999E-3,
,,,3.24400,185.99999E-3,
,,,3.24800,181.59999E-3,
,,,3.25200,179.99999E-3,
,,,3.25600,182.39999E-3,
,,,3.26000,185.99999E-3,
,,,3.26400,183.20000E-3,
,,,3.26800,179.60000E-3,
,,,3.27200,179.99999E-3,
,,,3.27600,187.19999E-3,
,,,3.28000,185.99999E-3,
,,,3.28400,183.20000E-3,
,,,3.28800,180.79999E-3,
,,,3.29200,186.40000E-3,
,,,3.29600,185.60000E-3,
,,,3.30000,181.20000E-3,
,,,3.30400,179.19999E-3,
,,,3.30800,184.80000E-3,
,,,3.31200,187.99999E-3,
,,,3.31600,183.20000E-3,
,,,3.32000,181.59999E-3,
,,,3.32400,182.39999E-3,
,,,3.32800,187.60000E-3,
,,,3.33200,184.00000E-3,
,,,3.33600,183.20000E-3,
,,,3.34000,182.39999E-3,
,,,3.34400,186.40000E-3,
,,,3.34800,184.39999E-3,
,,,3.35200,183.20000E-3,
,,,3.35600,184.39999E-3,
,,,3.36000,187.19999E-3,
,,,3.36400,184.39999E-3,
,,,3.36800,183.59999E-3,
,,,3.37200,183.20000E-3,
,,,3.37600,187.19999E-3,
,,,3.38000,185.19999E-3,
,,,3.38400,184.80000E-3,
,,,3.38800,188.79999E-3,
,,,3.39200,187.60000E-3,
,,,3.39600,185.99999E-3,
,,,3.40000,184.00000E-3,
,,,3.40400,184.39999E-3,
,,,3.40800,186.40000E-3,
,,,3.41200,187.19999E-3,
,,,3.41600,182.79999E-3,
,,,3.42000,183.20000E-3,
,,,3.42400,184.80000E-3,
,,,3.42800,188.79999E-3,
,,,3.43200,183.20000E-3,
,,,3.43600,184.39999E-3,
,,,3.44000,187.99999E-3,
,,,3.44400,188.79999E-3,
,,,3.44800,183.59999E-3,
,,,3.45200,182.00000E-3,
,,,3.45600,184.39999E-3,
,,,3.46000,189.20000E-3,
,,,3.46400,188.79999E-3,
,,,3.46800,182.39999E-3,
,,,3.47200,185.60000E-3,
,,,3.47600,189.59999E-3,
,,,3.48000,188.40000E-3,
,,,3.48400,185.19999E-3,
,,,3.48800,183.20000E-3,
,,,3.49200,188.40000E-3,
,,,3.49600,189.20000E-3,
,,,3.50000,184.39999E-3,
,,,3.50400,183.59999E-3,
,,,3.50800,187.99999E-3,
,,,3.51200,192.00000E-3,
,,,3.51600,183.59999E-3,
,,,3.52000,184.80000E-3,
,,,3.52400,185.19999E-3,
,,,3.52800,189.59999E-3,
,,,3.53200,185.19999E-3,
,,,3.53600,185.99999E-3,
,,,3.54000,189.20000E-3,
,,,3.54400,190.39999E-3,
,,,3.54800,187.19999E-3,
,,,3.55200,185.60000E-3,
,,,3.55600,187.60000E-3,
,,,3.56000,188.79999E-3,
,,,3.56400,190.00000E-3,
,,,3.56800,186.40000E-3,
,,,3.57200,187.99999E-3,
,,,3.57600,190.39999E-3,
,,,3.58000,188.79999E-3,
,,,3.58400,185.19999E-3,
,,,3.58800,188.79999E-3,
,,,3.59200,191.19999E-3,
,,,3.59600,188.79999E-3,
,,,3.60000,186.40000E-3,
,,,3.60400,186.79999E-3,
,,,3.60800,190.39999E-3,
,,,3.61200,190.80000E-3,
,,,3.61600,185.99999E-3,
,,,3.62000,187.99999E-3,
,,,3.62400,187.99999E-3,
,,,3.62800,193.60000E-3,
,,,3.63200,186.79999E-3,
,,,3.63600,187.60000E-3,
,,,3.64000,190.39999E-3,
,,,3.64400,192.39999E-3,
,,,3.64800,188.40000E-3,
,,,3.65200,187.60000E-3,
,,,3.65600,188.79999E-3,
,,,3.66000,192.80000E-3,
,,,3.66400,191.19999E-3,
,,,3.66800,186.40000E-3,
,,,3.67200,187.60000E-3,
,,,3.67600,191.59999E-3,
,,,3.68000,190.80000E-3,
,,,3.68400,187.60000E-3,
,,,3.68800,186.79999E-3,
,,,3.69200,191.19999E-3,
,,,3.69600,191.59999E-3,
,,,3.70000,187.19999E-3,
,,,3.70400,185.99999E-3,
,,,3.70800,190.80000E-3,
,,,3.71200,194.40000E-3,
,,,3.71600,190.80000E-3,
,,,3.72000,187.60000E-3,
,,,3.72400,188.40000E-3,
,,,3.72800,192.39999E-3,
,,,3.73200,188.40000E-3,
,,,3.73600,189.20000E-3,
,,,3.74000,189.59999E-3,
,,,3.74400,191.19999E-3,
,,,3.74800,190.80000E-3,
,,,3.75200,188.79999E-3,
,,,3.75600,188.79999E-3,
,,,3.76000,192.80000E-3,
,,,3.76400,191.59999E-3,
,,,3.76800,187.99999E-3,
,,,3.77200,188.79999E-3,
,,,3.77600,191.59999E-3,
,,,3.78000,192.00000E-3,
,,,3.78400,187.60000E-3,
,,,3.78800,192.00000E-3,
,,,3.79200,190.80000E-3,
,,,3.79600,192.00000E-3,
,,,3.80000,187.60000E-3,
,,,3.80400,188.79999E-3,
,,,3.80800,192.39999E-3,
,,,3.81200,193.19999E-3,
,,,3.81600,188.79999E-3,
,,,3.82000,189.20000E-3,
,,,3.82400,189.20000E-3,
,,,3.82800,193.99999E-3,
,,,3.83200,190.00000E-3,
,,,3.83600,189.20000E-3,
,,,3.84000,191.19999E-3,
,,,3.84400,196.40000E-3,
,,,3.84800,192.80000E-3,
,,,3.85200,186.40000E-3,
,,,3.85600,191.19999E-3,
,,,3.86000,195.59999E-3,
,,,3.86400,193.60000E-3,
,,,3.86800,188.79999E-3,
,,,3.87200,189.59999E-3,
,,,3.87600,192.39999E-3,
,,,3.88000,194.40000E-3,
,,,3.88400,190.00000E-3,
,,,3.88800,187.99999E-3,
,,,3.89200,194.40000E-3,
,,,3.89600,194.40000E-3,
,,,3.90000,191.19999E-3,
,,,3.90400,188.79999E-3,
,,,3.90800,191.19999E-3,
,,,3.91200,198.00000E-3,
,,,3.91600,190.00000E-3,
,,,3.92000,188.79999E-3,
,,,3.92400,191.59999E-3,
,,,3.92800,197.20000E-3,
,,,3.93200,190.80000E-3,
,,,3.93600,191.59999E-3,
,,,3.94000,188.79999E-3,
,,,3.94400,193.99999E-3,
,,,3.94800,193.60000E-3,
,,,3.95200,192.00000E-3,
,,,3.95600,189.59999E-3,
,,,3.96000,194.40000E-3,
,,,3.96400,195.59999E-3,
,,,3.96800,189.59999E-3,
,,,3.97200,191.19999E-3,
,,,3.97600,193.60000E-3,
,,,3.98000,194.40000E-3,
,,,3.98400,191.19999E-3,
,,,3.98800,190.80000E-3,
,,,3.99200,194.40000E-3,
,,,3.99600,193.19999E-3,
,,,4.00000,192.80000E-3,
,,,4.00400,190.39999E-3,
,,,4.00800,192.80000E-3,
,,,4.01200,194.40000E-3,
,,,4.01600,190.00000E-3,
,,,4.02000,192.80000E-3,
,,,4.02400,193.19999E-3,
,,,4.02800,195.99999E-3,
,,,4.03200,191.19999E-3,
,,,4.03600,192.00000E-3,
,,,4.04000,193.60000E-3,
,,,4.04400,197.20000E-3,
,,,4.04800,192.39999E-3,
,,,4.05200,190.00000E-3,
,,,4.05600,192.00000E-3,
,,,4.06000,196.79999E-3,
,,,4.06400,194.40000E-3,
,,,4.06800,191.19999E-3,
,,,4.07200,192.00000E-3,
,,,4.07600,197.20000E-3,
,,,4.08000,198.00000E-3,
,,,4.08400,192.00000E-3,
,,,4.08800,189.59999E-3,
,,,4.09200,197.20000E-3,
,,,4.09600,198.39999E-3,
,,,4.10000,192.39999E-3,
,,,4.10400,189.20000E-3,
,,,4.10800,194.79999E-3,
,,,4.11200,198.39999E-3,
,,,4.11600,192.39999E-3,
,,,4.12000,188.79999E-3,
,,,4.12400,191.59999E-3,
,,,4.12800,195.20000E-3,
,,,4.13200,192.80000E-3,
,,,4.13600,193.99999E-3,
,,,4.14000,189.20000E-3,
,,,4.14400,195.99999E-3,
,,,4.14800,195.59999E-3,
,,,4.15200,193.99999E-3,
,,,4.15600,192.39999E-3,
,,,4.16000,189.20000E-3,
,,,4.16400,198.80000E-3,
,,,4.16800,192.00000E-3,
,,,4.17200,194.79999E-3,
,,,4.17600,195.20000E-3,
,,,4.18000,196.79999E-3,
,,,4.18400,192.80000E-3,
,,,4.18800,195.59999E-3,
,,,4.19200,195.99999E-3,
,,,4.19600,195.99999E-3,
,,,4.20000,196.40000E-3,
,,,4.20400,193.60000E-3,
,,,4.20800,198.39999E-3,
,,,4.21200,195.59999E-3,
,,,4.21600,192.39999E-3,
,,,4.22000,195.59999E-3,
,,,4.22400,197.20000E-3,
,,,4.22800,197.20000E-3,
,,,4.23200,192.00000E-3,
,,,4.23600,194.79999E-3,
,,,4.24000,193.99999E-3,
,,,4.24400,199.99999E-3,
,,,4.24800,193.19999E-3,
,,,4.25200,191.19999E-3,
,,,4.25600,195.20000E-3,
,,,4.26000,200.80000E-3,
,,,4.26400,198.80000E-3,
,,,4.26800,191.59999E-3,
,,,4.27200,195.99999E-3,
,,,4.27600,197.59999E-3,
,,,4.28000,200.39999E-3,
,,,4.28400,192.00000E-3,
,,,4.28800,192.39999E-3,
,,,4.29200,201.19999E-3,
,,,4.29600,199.19999E-3,
,,,4.30000,193.60000E-3,
,,,4.30400,192.00000E-3,
,,,4.30800,196.40000E-3,
,,,4.31200,200.39999E-3,
,,,4.31600,193.60000E-3,
,,,4.32000,192.00000E-3,
,,,4.32400,192.39999E-3,
,,,4.32800,201.99999E-3,
,,,4.33200,194.79999E-3,
,,,4.33600,194.79999E-3,
,,,4.34000,191.19999E-3,
,,,4.34400,204.00000E-3,
,,,4.34800,195.59999E-3,
,,,4.35200,196.79999E-3,
,,,4.35600,193.60000E-3,
,,,4.36000,193.99999E-3,
,,,4.36400,201.60000E-3,
,,,4.36800,195.99999E-3,
,,,4.37200,194.40000E-3,
,,,4.37600,196.40000E-3,
,,,4.38000,201.99999E-3,
,,,4.38400,194.79999E-3,
,,,4.38800,199.19999E-3,
,,,4.39200,197.59999E-3,
,,,4.39600,201.99999E-3,
,,,4.40000,198.80000E-3,
,,,4.40400,193.99999E-3,
,,,4.40800,199.19999E-3,
,,,4.41200,197.20000E-3,
,,,4.41600,195.20000E-3,
,,,4.42000,197.20000E-3,
,,,4.42400,196.40000E-3,
,,,4.42800,195.99999E-3,
,,,4.43200,198.39999E-3,
,,,4.43600,196.40000E-3,
,,,4.44000,195.99999E-3,
,,,4.44400,200.80000E-3,
,,,4.44800,193.99999E-3,
,,,4.45200,196.79999E-3,
,,,4.45600,194.79999E-3,
,,,4.46000,199.19999E-3,
,,,4.46400,197.59999E-3,
,,,4.46800,192.00000E-3,
,,,4.47200,195.20000E-3,
,,,4.47600,200.39999E-3,
,,,4.48000,199.99999E-3,
,,,4.48400,194.40000E-3,
,,,4.48800,196.79999E-3,
,,,4.49200,199.60000E-3,
,,,4.49600,199.99999E-3,
,,,4.50000,199.60000E-3,
,,,4.50400,194.40000E-3,
,,,4.50800,196.40000E-3,
,,,4.51200,200.39999E-3,
,,,4.51600,196.40000E-3,
,,,4.52000,195.20000E-3,
,,,4.52400,196.40000E-3,
,,,4.52800,201.99999E-3,
,,,4.53200,196.79999E-3,
,,,4.53600,198.00000E-3,
,,,4.54000,193.60000E-3,
,,,4.54400,201.60000E-3,
,,,4.54800,199.19999E-3,
,,,4.55200,199.99999E-3,
,,,4.55600,193.19999E-3,
,,,4.56000,199.60000E-3,
,,,4.56400,200.80000E-3,
,,,4.56800,198.39999E-3,
,,,4.57200,195.99999E-3,
,,,4.57600,196.79999E-3,
,,,4.58000,203.59999E-3,
,,,4.58400,193.60000E-3,
,,,4.58800,200.80000E-3,
,,,4.59200,195.59999E-3,
,,,4.59600,198.39999E-3,
,,,4.60000,198.39999E-3,
,,,4.60400,197.20000E-3,
,,,4.60800,199.19999E-3,
,,,4.61200,201.19999E-3,
,,,4.61600,199.60000E-3,
,,,4.62000,196.40000E-3,
,,,4.62400,197.59999E-3,
,,,4.62800,201.99999E-3,
,,,4.63200,197.20000E-3,
,,,4.63600,199.60000E-3,
,,,4.64000,196.40000E-3,
,,,4.64400,202.40000E-3,
,,,4.64800,194.79999E-3,
,,,4.65200,198.00000E-3,
,,,4.65600,197.20000E-3,
,,,4.66000,200.39999E-3,
,,,4.66400,201.60000E-3,
,,,4.66800,194.40000E-3,
,,,4.67200,198.80000E-3,
,,,4.67600,198.00000E-3,
,,,4.68000,204.39999E-3,
,,,4.68400,193.60000E-3,
,,,4.68800,195.59999E-3,
,,,4.69200,199.19999E-3,
,,,4.69600,201.60000E-3,
,,,4.70000,195.99999E-3,
,,,4.70400,195.99999E-3,
,,,4.70800,201.19999E-3,
,,,4.71200,200.80000E-3,
,,,4.71600,199.19999E-3,
,,,4.72000,195.99999E-3,
,,,4.72400,200.39999E-3,
,,,4.72800,205.20000E-3,
,,,4.73200,200.80000E-3,
,,,4.73600,199.19999E-3,
,,,4.74000,194.79999E-3,
,,,4.74400,203.59999E-3,
,,,4.74800,201.60000E-3,
,,,4.75200,198.80000E-3,
,,,4.75600,197.59999E-3,
,,,4.76000,201.19999E-3,
,,,4.76400,203.20000E-3,
,,,4.76800,199.19999E-3,
,,,4.77200,198.39999E-3,
,,,4.77600,196.79999E-3,
,,,4.78000,204.79999E-3,
,,,4.78400,197.20000E-3,
,,,4.78800,199.19999E-3,
,,,4.79200,197.59999E-3,
,,,4.79600,201.19999E-3,
,,,4.80000,199.99999E-3,
,,,4.80400,199.19999E-3,
,,,4.80800,200.39999E-3,
,,,4.81200,199.60000E-3,
,,,4.81600,203.59999E-3,
,,,4.82000,198.00000E-3,
,,,4.82400,199.19999E-3,
,,,4.82800,199.99999E-3,
,,,4.83200,200.80000E-3,
,,,4.83600,201.60000E-3,
,,,4.84000,201.99999E-3,
,,,4.84400,204.39999E-3,
,,,4.84800,199.19999E-3,
,,,4.85200,199.99999E-3,
,,,4.85600,197.59999E-3,
,,,4.86000,204.79999E-3,
,,,4.86400,201.60000E-3,
,,,4.86800,193.99999E-3,
,,,4.87200,198.80000E-3,
,,,4.87600,200.80000E-3,
,,,4.88000,206.39999E-3,
,,,4.88400,195.99999E-3,
,,,4.88800,198.39999E-3,
,,,4.89200,199.60000E-3,
,,,4.89600,204.39999E-3,
,,,4.90000,198.39999E-3,
,,,4.90400,197.20000E-3,
,,,4.90800,198.39999E-3,
,,,4.91200,203.59999E-3,
,,,4.91600,201.60000E-3,
,,,4.92000,196.40000E-3,
,,,4.92400,198.00000E-3,
,,,4.92800,201.19999E-3,
,,,4.93200,204.00000E-3,
,,,4.93600,193.60000E-3,
,,,4.94000,195.99999E-3,
,,,4.94400,206.00000E-3,
,,,4.94800,200.80000E-3,
,,,4.95200,199.60000E-3,
,,,4.95600,196.40000E-3,
,,,4.96000,199.60000E-3,
,,,4.96400,204.00000E-3,
,,,4.96800,198.80000E-3,
,,,4.97200,199.19999E-3,
,,,4.97600,198.00000E-3,
,,,4.98000,205.59999E-3,
,,,4.98400,199.60000E-3,
,,,4.98800,200.39999E-3,
,,,4.99200,197.20000E-3,
,,,4.99600,203.20000E-3,
,,,5.00000,199.19999E-3,
,,,5.00400,198.00000E-3,
,,,5.00800,200.39999E-3,
,,,5.01200,201.60000E-3,
,,,5.01600,202.40000E-3,
,,,5.02000,199.99999E-3,
,,,5.02400,199.60000E-3,
,,,5.02800,200.80000E-3,
,,,5.03200,202.40000E-3,
,,,5.03600,200.80000E-3,
,,,5.04000,199.19999E-3,
,,,5.04400,203.20000E-3,
,,,5.04800,198.80000E-3,
,,,5.05200,199.19999E-3,
,,,5.05600,199.60000E-3,
,,,5.06000,202.40000E-3,
,,,5.06400,199.19999E-3,
,,,5.06800,198.80000E-3,
,,,5.07200,201.19999E-3,
,,,5.07600,201.99999E-3,
,,,5.08000,206.80000E-3,
,,,5.08400,196.79999E-3,
,,,5.08800,198.80000E-3,
,,,5.09200,203.20000E-3,
,,,5.09600,204.79999E-3,
,,,5.10000,199.19999E-3,
,,,5.10400,198.80000E-3,
,,,5.10800,198.80000E-3,
,,,5.11200,205.20000E-3,
,,,5.11600,201.99999E-3,
,,,5.12000,197.20000E-3,
,,,5.12400,199.19999E-3,
,,,5.12800,204.39999E-3,
,,,5.13200,204.00000E-3,
,,,5.13600,195.59999E-3,
,,,5.14000,198.00000E-3,
,,,5.14400,204.79999E-3,
,,,5.14800,200.39999E-3,
,,,5.15200,200.39999E-3,
,,,5.15600,195.20000E-3,
,,,5.16000,202.40000E-3,
,,,5.16400,204.79999E-3,
,,,5.16800,203.20000E-3,
,,,5.17200,200.39999E-3,
,,,5.17600,198.39999E-3,
,,,5.18000,208.40000E-3,
,,,5.18400,199.60000E-3,
,,,5.18800,199.60000E-3,
,,,5.19200,197.59999E-3,
,,,5.19600,204.39999E-3,
,,,5.20000,200.39999E-3,
,,,5.20400,199.19999E-3,
,,,5.20800,200.39999E-3,
,,,5.21200,200.80000E-3,
,,,5.21600,202.79999E-3,
,,,5.22000,197.20000E-3,
,,,5.22400,199.60000E-3,
,,,5.22800,202.40000E-3,
,,,5.23200,202.79999E-3,
,,,5.23600,200.80000E-3,
,,,5.24000,202.79999E-3,
,,,5.24400,201.60000E-3,
,,,5.24800,202.40000E-3,
,,,5.25200,200.80000E-3,
,,,5.25600,199.60000E-3,
,,,5.26000,203.59999E-3,
,,,5.26400,201.99999E-3,
,,,5.26800,198.39999E-3,
,,,5.27200,200.39999E-3,
,,,5.27600,201.60000E-3,
,,,5.28000,205.59999E-3,
,,,5.28400,196.79999E-3,
,,,5.28800,201.60000E-3,
,,,5.29200,196.79999E-3,
,,,5.29600,208.40000E-3,
,,,5.30000,198.39999E-3,
,,,5.30400,199.19999E-3,
,,,5.30800,202.79999E-3,
,,,5.31200,205.59999E-3,
,,,5.31600,203.59999E-3,
,,,5.32000,198.39999E-3,
,,,5.32400,201.19999E-3,
,,,5.32800,201.60000E-3,
,,,5.33200,203.20000E-3,
,,,5.33600,197.59999E-3,
,,,5.34000,199.60000E-3,
,,,5.34400,201.60000E-3,
,,,5.34800,201.19999E-3,
,,,5.35200,199.60000E-3,
,,,5.35600,199.19999E-3,
,,,5.36000,203.20000E-3,
,,,5.36400,203.20000E-3,
,,,5.36800,199.99999E-3,
,,,5.37200,191.19999E-3,
,,,5.37600,201.60000E-3,
,,,5.38000,204.79999E-3,
,,,5.38400,195.99999E-3,
,,,5.38800,197.59999E-3,
,,,5.39200,196.79999E-3,
,,,5.39600,203.59999E-3,
,,,5.40000,195.99999E-3,
,,,5.40400,198.00000E-3,
,,,5.40800,198.80000E-3,
,,,5.41200,199.60000E-3,
,,,5.41600,203.20000E-3,
,,,5.42000,198.80000E-3,
,,,5.42400,196.79999E-3,
,,,5.42800,198.00000E-3,
,,,5.43200,201.60000E-3,
,,,5.43600,197.20000E-3,
,,,5.44000,196.40000E-3,
,,,5.44400,201.19999E-3,
,,,5.44800,200.80000E-3,
,,,5.45200,198.39999E-3,
,,,5.45600,194.79999E-3,
,,,5.46000,202.40000E-3,
,,,5.46400,201.99999E-3,
,,,5.46800,197.20000E-3,
,,,5.47200,196.79999E-3,
,,,5.47600,199.60000E-3,
,,,5.48000,200.80000E-3,
,,,5.48400,195.99999E-3,
,,,5.48800,198.80000E-3,
,,,5.49200,197.20000E-3,
,,,5.49600,202.79999E-3,
,,,5.50000,197.20000E-3,
,,,5.50400,195.99999E-3,
,,,5.50800,197.20000E-3,
,,,5.51200,203.20000E-3,
,,,5.51600,198.80000E-3,
,,,5.52000,194.79999E-3,
,,,5.52400,199.60000E-3,
,,,5.52800,200.39999E-3,
,,,5.53200,203.20000E-3,
,,,5.53600,197.20000E-3,
,,,5.54000,195.20000E-3,
,,,5.54400,202.79999E-3,
,,,5.54800,200.80000E-3,
,,,5.55200,197.59999E-3,
,,,5.55600,196.40000E-3,
,,,5.56000,204.39999E-3,
,,,5.56400,202.40000E-3,
,,,5.56800,199.99999E-3,
,,,5.57200,196.79999E-3,
,,,5.57600,197.59999E-3,
,,,5.58000,203.20000E-3,
,,,5.58400,198.00000E-3,
,,,5.58800,196.79999E-3,
,,,5.59200,196.79999E-3,
,,,5.59600,205.20000E-3,
,,,5.60000,196.79999E-3,
,,,5.60400,198.39999E-3,
,,,5.60800,195.20000E-3,
,,,5.61200,201.60000E-3,
,,,5.61600,200.39999E-3,
,,,5.62000,196.79999E-3,
,,,5.62400,198.80000E-3,
,,,5.62800,198.80000E-3,
,,,5.63200,201.60000E-3,
,,,5.63600,198.39999E-3,
,,,5.64000,201.60000E-3,
,,,5.64400,199.19999E-3,
,,,5.64800,201.19999E-3,
,,,5.65200,199.19999E-3,
,,,5.65600,198.80000E-3,
,,,5.66000,201.60000E-3,
,,,5.66400,200.80000E-3,
,,,5.66800,201.19999E-3,
,,,5.67200,199.19999E-3,
,,,5.67600,199.99999E-3,
,,,5.68000,201.99999E-3,
,,,5.68400,196.40000E-3,
,,,5.68800,199.99999E-3,
,,,5.69200,200.80000E-3,
,,,5.69600,202.79999E-3,
,,,5.70000,198.00000E-3,
,,,5.70400,201.99999E-3,
,,,5.70800,197.59999E-3,
,,,5.71200,200.39999E-3,
,,,5.71600,199.60000E-3,
,,,5.72000,196.79999E-3,
,,,5.72400,199.19999E-3,
,,,5.72800,203.20000E-3,
,,,5.73200,203.59999E-3,
,,,5.73600,195.99999E-3,
,,,5.74000,197.59999E-3,
,,,5.74400,201.19999E-3,
,,,5.74800,201.99999E-3,
,,,5.75200,198.80000E-3,
,,,5.75600,195.59999E-3,
,,,5.76000,201.99999E-3,
,,,5.76400,204.39999E-3,
,,,5.76800,199.19999E-3,
,,,5.77200,195.99999E-3,
,,,5.77600,199.60000E-3,
,,,5.78000,204.39999E-3,
,,,5.78400,198.39999E-3,
,,,5.78800,196.40000E-3,
,,,5.79200,197.20000E-3,
,,,5.79600,204.39999E-3,
,,,5.80000,196.40000E-3,
,,,5.80400,201.60000E-3,
,,,5.80800,195.20000E-3,
,,,5.81200,204.39999E-3,
,,,5.81600,202.79999E-3,
,,,5.82000,198.00000E-3,
,,,5.82400,198.39999E-3,
,,,5.82800,198.80000E-3,
,,,5.83200,204.00000E-3,
,,,5.83600,198.39999E-3,
,,,5.84000,200.39999E-3,
,,,5.84400,198.00000E-3,
,,,5.84800,202.79999E-3,
,,,5.85200,200.80000E-3,
,,,5.85600,199.19999E-3,
,,,5.86000,203.20000E-3,
,,,5.86400,202.79999E-3,
,,,5.86800,200.80000E-3,
,,,5.87200,199.60000E-3,
,,,5.87600,201.60000E-3,
,,,5.88000,203.20000E-3,
,,,5.88400,201.99999E-3,
,,,5.88800,199.60000E-3,
,,,5.89200,200.39999E-3,
,,,5.89600,207.19999E-3,
,,,5.90000,198.00000E-3,
,,,5.90400,201.99999E-3,
,,,5.90800,199.99999E-3,
,,,5.91200,201.99999E-3,
,,,5.91600,200.80000E-3,
,,,5.92000,199.19999E-3,
,,,5.92400,203.59999E-3,
,,,5.92800,202.79999E-3,
,,,5.93200,204.79999E-3,
,,,5.93600,196.79999E-3,
,,,5.94000,204.39999E-3,
,,,5.94400,201.60000E-3,
,,,5.94800,204.79999E-3,
,,,5.95200,198.00000E-3,
,,,5.95600,198.80000E-3,
,,,5.96000,203.20000E-3,
,,,5.96400,202.79999E-3,
,,,5.96800,199.60000E-3,
,,,5.97200,197.59999E-3,
,,,5.97600,201.60000E-3,
,,,5.98000,204.79999E-3,
,,,5.98400,200.80000E-3,
,,,5.98800,199.19999E-3,
,,,5.99200,200.80000E-3,
,,,5.99600,206.80000E-3,
,,,6.00000,200.39999E-3,
,,,6.00400,200.80000E-3,
,,,6.00800,199.99999E-3,
,,,6.01200,208.40000E-3,
,,,6.01600,203.59999E-3,
,,,6.02000,199.60000E-3,
,,,6.02400,198.80000E-3,
,,,6.02800,199.60000E-3,
,,,6.03200,206.00000E-3,
,,,6.03600,200.80000E-3,
,,,6.04000,202.40000E-3,
,,,6.04400,199.99999E-3,
,,,6.04800,204.00000E-3,
,,,6.05200,199.99999E-3,
,,,6.05600,201.60000E-3,
,,,6.06000,202.79999E-3,
,,,6.06400,201.99999E-3,
,,,6.06800,202.40000E-3,
,,,6.07200,198.39999E-3,
,,,6.07600,201.99999E-3,
,,,6.08000,202.79999E-3,
,,,6.08400,205.20000E-3,
,,,6.08800,199.99999E-3,
,,,6.09200,202.79999E-3,
,,,6.09600,206.00000E-3,
,,,6.10000,199.60000E-3,
,,,6.10400,202.40000E-3,
,,,6.10800,200.39999E-3,
,,,6.11200,205.20000E-3,
,,,6.11600,201.19999E-3,
,,,6.12000,199.99999E-3,
,,,6.12400,201.60000E-3,
,,,6.12800,203.59999E-3,
,,,6.13200,202.40000E-3,
,,,6.13600,199.19999E-3,
,,,6.14000,201.19999E-3,
,,,6.14400,201.60000E-3,
,,,6.14800,206.80000E-3,
,,,6.15200,197.20000E-3,
,,,6.15600,198.80000E-3,
,,,6.16000,203.20000E-3,
,,,6.16400,204.39999E-3,
,,,6.16800,199.99999E-3,
,,,6.17200,199.99999E-3,
,,,6.17600,202.40000E-3,
,,,6.18000,206.80000E-3,
,,,6.18400,201.60000E-3,
,,,6.18800,198.00000E-3,
,,,6.19200,200.39999E-3,
,,,6.19600,206.39999E-3,
,,,6.20000,202.79999E-3,
,,,6.20400,200.80000E-3,
,,,6.20800,198.00000E-3,
,,,6.21200,205.59999E-3,
,,,6.21600,204.39999E-3,
,,,6.22000,200.39999E-3,
,,,6.22400,200.39999E-3,
,,,6.22800,201.60000E-3,
,,,6.23200,204.00000E-3,
,,,6.23600,199.99999E-3,
,,,6.24000,202.40000E-3,
,,,6.24400,199.19999E-3,
,,,6.24800,207.19999E-3,
,,,6.25200,199.19999E-3,
,,,6.25600,200.80000E-3,
,,,6.26000,201.99999E-3,
,,,6.26400,206.00000E-3,
,,,6.26800,202.79999E-3,
,,,6.27200,198.39999E-3,
,,,6.27600,201.19999E-3,
,,,6.28000,203.59999E-3,
,,,6.28400,202.40000E-3,
,,,6.28800,200.80000E-3,
,,,6.29200,200.80000E-3,
,,,6.29600,206.39999E-3,
,,,6.30000,200.39999E-3,
,,,6.30400,201.60000E-3,
,,,6.30800,199.19999E-3,
,,,6.31200,206.80000E-3,
,,,6.31600,201.99999E-3,
,,,6.32000,201.60000E-3,
,,,6.32400,202.40000E-3,
,,,6.32800,204.00000E-3,
,,,6.33200,203.20000E-3,
,,,6.33600,198.00000E-3,
,,,6.34000,199.60000E-3,
,,,6.34400,199.99999E-3,
,,,6.34800,207.19999E-3,
,,,6.35200,195.59999E-3,
,,,6.35600,199.19999E-3,
,,,6.36000,201.99999E-3,
,,,6.36400,205.59999E-3,
,,,6.36800,201.19999E-3,
,,,6.37200,197.20000E-3,
,,,6.37600,202.79999E-3,
,,,6.38000,203.20000E-3,
,,,6.38400,202.40000E-3,
,,,6.38800,199.60000E-3,
,,,6.39200,199.60000E-3,
,,,6.39600,204.39999E-3,
,,,6.40000,200.80000E-3,
,,,6.40400,198.80000E-3,
,,,6.40800,197.59999E-3,
,,,6.41200,204.39999E-3,
,,,6.41600,201.60000E-3,
,,,6.42000,201.99999E-3,
,,,6.42400,199.60000E-3,
,,,6.42800,201.19999E-3,
,,,6.43200,205.59999E-3,
,,,6.43600,199.60000E-3,
,,,6.44000,202.79999E-3,
,,,6.44400,199.19999E-3,
,,,6.44800,206.39999E-3,
,,,6.45200,198.80000E-3,
,,,6.45600,201.60000E-3,
,,,6.46000,197.20000E-3,
,,,6.46400,204.79999E-3,
,,,6.46800,202.79999E-3,
,,,6.47200,199.60000E-3,
,,,6.47600,201.60000E-3,
,,,6.48000,202.40000E-3,
,,,6.48400,203.20000E-3,
,,,6.48800,198.80000E-3,
,,,6.49200,204.39999E-3,
,,,6.49600,203.59999E-3,
,,,6.50000,200.80000E-3,
,,,6.50400,201.19999E-3,
,,,6.50800,195.20000E-3,
,,,6.51200,204.00000E-3,
,,,6.51600,199.99999E-3,
,,,6.52000,201.19999E-3,
,,,6.52400,200.39999E-3,
,,,6.52800,201.19999E-3,
,,,6.53200,203.20000E-3,
,,,6.53600,198.80000E-3,
,,,6.54000,202.40000E-3,
,,,6.54400,199.60000E-3,
,,,6.54800,206.39999E-3,
,,,6.55200,201.60000E-3,
,,,6.55600,199.99999E-3,
,,,6.56000,199.19999E-3,
,,,6.56400,202.79999E-3,
,,,6.56800,202.79999E-3,
,,,6.57200,198.00000E-3,
,,,6.57600,202.40000E-3,
,,,6.58000,204.00000E-3,
,,,6.58400,200.80000E-3,
,,,6.58800,197.20000E-3,
,,,6.59200,201.99999E-3,
,,,6.59600,203.20000E-3,
,,,6.60000,202.79999E-3,
,,,6.60400,199.19999E-3,
,,,6.60800,199.99999E-3,
,,,6.61200,206.80000E-3,
,,,6.61600,201.60000E-3,
,,,6.62000,202.79999E-3,
,,,6.62400,199.60000E-3,
,,,6.62800,202.40000E-3,
,,,6.63200,205.59999E-3,
,,,6.63600,200.80000E-3,
,,,6.64000,200.80000E-3,
,,,6.64400,199.60000E-3,
,,,6.64800,205.59999E-3,
,,,6.65200,200.80000E-3,
,,,6.65600,202.79999E-3,
,,,6.66000,200.39999E-3,
,,,6.66400,204.39999E-3,
,,,6.66800,202.79999E-3,
,,,6.67200,201.19999E-3,
,,,6.67600,201.99999E-3,
,,,6.68000,204.39999E-3,
,,,6.68400,204.39999E-3,
,,,6.68800,199.19999E-3,
,,,6.69200,202.79999E-3,
,,,6.69600,203.59999E-3,
,,,6.70000,201.19999E-3,
,,,6.70400,199.99999E-3,
,,,6.70800,199.60000E-3,
,,,6.71200,204.79999E-3,
,,,6.71600,199.19999E-3,
,,,6.72000,201.60000E-3,
,,,6.72400,201.99999E-3,
,,,6.72800,202.79999E-3,
,,,6.73200,205.59999E-3,
,,,6.73600,199.99999E-3,
,,,6.74000,204.39999E-3,
,,,6.74400,201.19999E-3,
,,,6.74800,208.40000E-3,
,,,6.75200,199.19999E-3,
,,,6.75600,202.40000E-3,
,,,6.76000,201.19999E-3,
,,,6.76400,207.99999E-3,
,,,6.76800,201.60000E-3,
,,,6.77200,200.39999E-3,
,,,6.77600,205.20000E-3,
,,,6.78000,204.79999E-3,
,,,6.78400,206.00000E-3,
,,,6.78800,198.00000E-3,
,,,6.79200,201.99999E-3,
,,,6.79600,204.39999E-3,
,,,6.80000,205.59999E-3,
,,,6.80400,200.80000E-3,
,,,6.80800,200.39999E-3,
,,,6.81200,205.20000E-3,
,,,6.81600,205.59999E-3,
,,,6.82000,203.20000E-3,
,,,6.82400,199.19999E-3,
,,,6.82800,203.20000E-3,
,,,6.83200,206.39999E-3,
,,,6.83600,201.99999E-3,
,,,6.84000,201.99999E-3,
,,,6.84400,201.60000E-3,
,,,6.84800,207.99999E-3,
,,,6.85200,201.99999E-3,
,,,6.85600,204.79999E-3,
,,,6.86000,199.99999E-3,
,,,6.86400,206.00000E-3,
,,,6.86800,201.99999E-3,
,,,6.87200,202.40000E-3,
,,,6.87600,201.60000E-3,
,,,6.88000,201.99999E-3,
,,,6.88400,204.79999E-3,
,,,6.88800,201.19999E-3,
,,,6.89200,204.79999E-3,
,,,6.89600,201.99999E-3,
,,,6.90000,203.20000E-3,
,,,6.90400,200.80000E-3,
,,,6.90800,201.19999E-3,
,,,6.91200,204.39999E-3,
,,,6.91600,202.40000E-3,
,,,6.92000,205.20000E-3,
,,,6.92400,201.99999E-3,
,,,6.92800,203.59999E-3,
,,,6.93200,204.00000E-3,
,,,6.93600,200.80000E-3,
,,,6.94000,201.60000E-3,
,,,6.94400,200.39999E-3,
,,,6.94800,206.39999E-3,
,,,6.95200,200.39999E-3,
,,,6.95600,201.60000E-3,
,,,6.96000,200.39999E-3,
,,,6.96400,207.99999E-3,
,,,6.96800,200.39999E-3,
,,,6.97200,199.99999E-3,
,,,6.97600,201.99999E-3,
,,,6.98000,205.59999E-3,
,,,6.98400,204.79999E-3,
,,,6.98800,198.39999E-3,
,,,6.99200,202.40000E-3,
,,,6.99600,203.20000E-3,
,,,7.00000,204.79999E-3,
,,,7.00400,200.80000E-3,
,,,7.00800,199.99999E-3,
,,,7.01200,204.79999E-3,
,,,7.01600,204.79999E-3,
,,,7.02000,201.60000E-3,
,,,7.02400,197.20000E-3,
,,,7.02800,204.39999E-3,
,,,7.03200,204.79999E-3,
,,,7.03600,201.60000E-3,
,,,7.04000,198.39999E-3,
,,,7.04400,199.99999E-3,
,,,7.04800,205.59999E-3,
,,,7.05200,199.99999E-3,
,,,7.05600,202.79999E-3,
,,,7.06000,200.80000E-3,
,,,7.06400,206.39999E-3,
,,,7.06800,198.39999E-3,
,,,7.07200,203.20000E-3,
,,,7.07600,203.20000E-3,
,,,7.08000,204.00000E-3,
,,,7.08400,205.20000E-3,
,,,7.08800,199.99999E-3,
,,,7.09200,201.99999E-3,
,,,7.09600,203.20000E-3,
,,,7.10000,206.00000E-3,
,,,7.10400,201.19999E-3,
,,,7.10800,198.39999E-3,
,,,7.11200,201.99999E-3,
,,,7.11600,202.79999E-3,
,,,7.12000,202.79999E-3,
,,,7.12400,199.99999E-3,
,,,7.12800,204.39999E-3,
,,,7.13200,202.79999E-3,
,,,7.13600,202.40000E-3,
,,,7.14000,201.19999E-3,
,,,7.14400,201.60000E-3,
,,,7.14800,206.80000E-3,
,,,7.15200,198.39999E-3,
,,,7.15600,199.99999E-3,
,,,7.16000,203.20000E-3,
,,,7.16400,207.19999E-3,
,,,7.16800,201.19999E-3,
,,,7.17200,201.99999E-3,
,,,7.17600,201.60000E-3,
,,,7.18000,207.19999E-3,
,,,7.18400,206.39999E-3,
,,,7.18800,200.80000E-3,
,,,7.19200,200.80000E-3,
,,,7.19600,205.59999E-3,
,,,7.20000,208.40000E-3,
,,,7.20400,202.40000E-3,
,,,7.20800,204.79999E-3,
,,,7.21200,206.00000E-3,
,,,7.21600,206.80000E-3,
,,,7.22000,204.39999E-3,
,,,7.22400,200.80000E-3,
,,,7.22800,206.39999E-3,
,,,7.23200,207.19999E-3,
,,,7.23600,203.59999E-3,
,,,7.24000,203.59999E-3,
,,,7.24400,205.20000E-3,
,,,7.24800,205.59999E-3,
,,,7.25200,201.19999E-3,
,,,7.25600,202.79999E-3,
,,,7.26000,199.60000E-3,
,,,7.26400,207.60000E-3,
,,,7.26800,201.60000E-3,
,,,7.27200,201.99999E-3,
,,,7.27600,202.79999E-3,
,,,7.28000,205.20000E-3,
,,,7.28400,206.00000E-3,
,,,7.28800,200.39999E-3,
,,,7.29200,201.99999E-3,
,,,7.29600,204.79999E-3,
,,,7.30000,207.19999E-3,
,,,7.30400,202.79999E-3,
,,,7.30800,203.20000E-3,
,,,7.31200,203.20000E-3,
,,,7.31600,205.59999E-3,
,,,7.32000,203.59999E-3,
,,,7.32400,204.39999E-3,
,,,7.32800,205.59999E-3,
,,,7.33200,203.59999E-3,
,,,7.33600,205.20000E-3,
,,,7.34000,201.99999E-3,
,,,7.34400,204.79999E-3,
,,,7.34800,206.80000E-3,
,,,7.35200,203.20000E-3,
,,,7.35600,203.20000E-3,
,,,7.36000,201.60000E-3,
,,,7.36400,207.99999E-3,
,,,7.36800,204.00000E-3,
,,,7.37200,204.79999E-3,
,,,7.37600,204.00000E-3,
,,,7.38000,206.39999E-3,
,,,7.38400,204.39999E-3,
,,,7.38800,201.99999E-3,
,,,7.392000,205.20000E-3,
,,,7.396000,207.60000E-3,
,,,7.400001,209.60000E-3,
,,,7.404000,201.19999E-3,
,,,7.408000,205.20000E-3,
,,,7.412000,205.59999E-3,
,,,7.416000,207.99999E-3,
,,,7.420001,205.20000E-3,
,,,7.424000,203.20000E-3,
,,,7.428000,208.79999E-3,
,,,7.432000,207.60000E-3,
,,,7.436000,205.59999E-3,
,,,7.440001,200.80000E-3,
,,,7.444000,207.19999E-3,
,,,7.448000,207.99999E-3,
,,,7.452000,204.79999E-3,
,,,7.456000,204.39999E-3,
,,,7.460001,201.60000E-3,
,,,7.464000,210.79999E-3,
,,,7.468000,204.39999E-3,
,,,7.472000,204.79999E-3,
,,,7.476000,203.59999E-3,
,,,7.480000,207.99999E-3,
,,,7.484000,212.00000E-3,
,,,7.488000,202.79999E-3,
,,,7.492001,206.00000E-3,
,,,7.496000,205.59999E-3,
,,,7.500000,209.99999E-3,
,,,7.504000,203.59999E-3,
,,,7.508000,207.99999E-3,
,,,7.512001,206.00000E-3,
,,,7.516000,207.99999E-3,
,,,7.520000,206.00000E-3,
,,,7.524000,204.00000E-3,
,,,7.528000,205.20000E-3,
,,,7.532001,207.99999E-3,
,,,7.536000,205.59999E-3,
,,,7.540000,205.20000E-3,
,,,7.544000,207.99999E-3,
,,,7.548000,206.80000E-3,
,,,7.552001,205.20000E-3,
,,,7.556000,204.79999E-3,
,,,7.560000,204.79999E-3,
,,,7.564000,210.40000E-3,
,,,7.568000,204.79999E-3,
,,,7.572001,204.39999E-3,
,,,7.576000,206.39999E-3,
,,,7.580000,206.39999E-3,
,,,7.584001,208.79999E-3,
,,,7.588000,204.39999E-3,
,,,7.592000,207.60000E-3,
,,,7.596000,207.99999E-3,
,,,7.600000,210.79999E-3,
,,,7.604001,204.79999E-3,
,,,7.608000,204.79999E-3,
,,,7.612000,207.99999E-3,
,,,7.616000,210.40000E-3,
,,,7.620000,204.79999E-3,
,,,7.624001,204.39999E-3,
,,,7.628000,206.39999E-3,
,,,7.632000,209.60000E-3,
,,,7.636000,205.59999E-3,
,,,7.640000,201.60000E-3,
,,,7.644001,206.80000E-3,
,,,7.648000,208.40000E-3,
,,,7.652000,207.99999E-3,
,,,7.656000,204.00000E-3,
,,,7.660000,204.39999E-3,
,,,7.664001,211.20000E-3,
,,,7.668000,205.59999E-3,
,,,7.672000,204.00000E-3,
,,,7.676001,203.20000E-3,
,,,7.680000,208.79999E-3,
,,,7.684000,211.59999E-3,
,,,7.688000,205.59999E-3,
,,,7.692000,206.80000E-3,
,,,7.696001,207.99999E-3,
,,,7.700000,208.79999E-3,
,,,7.704000,204.39999E-3,
,,,7.708000,208.79999E-3,
,,,7.712000,209.99999E-3,
,,,7.716001,210.79999E-3,
,,,7.720000,206.39999E-3,
,,,7.724000,205.59999E-3,
,,,7.728000,206.00000E-3,
,,,7.732000,208.40000E-3,
,,,7.736001,207.60000E-3,
,,,7.740000,203.59999E-3,
,,,7.744000,206.80000E-3,
,,,7.748000,208.79999E-3,
,,,7.752000,207.19999E-3,
,,,7.756001,206.39999E-3,
,,,7.760000,207.19999E-3,
,,,7.764000,211.59999E-3,
,,,7.768001,206.39999E-3,
,,,7.772000,206.39999E-3,
,,,7.776000,205.59999E-3,
,,,7.780000,209.60000E-3,
,,,7.784000,208.79999E-3,
,,,7.788001,204.00000E-3,
,,,7.792000,204.79999E-3,
,,,7.796000,205.59999E-3,
,,,7.800000,210.40000E-3,
,,,7.804000,206.80000E-3,
,,,7.808001,206.80000E-3,
,,,7.812000,204.39999E-3,
,,,7.816000,209.19999E-3,
,,,7.820000,203.20000E-3,
,,,7.824000,204.79999E-3,
,,,7.828001,207.99999E-3,
,,,7.832000,204.79999E-3,
,,,7.836000,206.39999E-3,
,,,7.840000,204.39999E-3,
,,,7.844000,205.20000E-3,
,,,7.848001,209.19999E-3,
,,,7.852000,208.40000E-3,
,,,7.856000,205.59999E-3,
,,,7.860001,206.00000E-3,
,,,7.864000,211.20000E-3,
,,,7.868001,207.60000E-3,
,,,7.872000,205.59999E-3,
,,,7.876000,205.59999E-3,
,,,7.880001,209.60000E-3,
,,,7.884000,205.20000E-3,
,,,7.888000,206.80000E-3,
,,,7.892000,205.59999E-3,
,,,7.896000,206.39999E-3,
,,,7.900001,213.59999E-3,
,,,7.904000,204.00000E-3,
,,,7.908000,207.19999E-3,
,,,7.912000,205.20000E-3,
,,,7.916000,209.60000E-3,
,,,7.920001,203.20000E-3,
,,,7.924000,201.99999E-3,
,,,7.928000,207.19999E-3,
,,,7.932000,206.00000E-3,
,,,7.936000,207.19999E-3,
,,,7.940001,204.79999E-3,
,,,7.944000,206.00000E-3,
,,,7.948000,206.80000E-3,
,,,7.952000,204.00000E-3,
,,,7.956000,204.39999E-3,
,,,7.960001,202.79999E-3,
,,,7.964000,209.19999E-3,
,,,7.968000,205.59999E-3,
,,,7.972001,205.59999E-3,
,,,7.976000,202.40000E-3,
,,,7.980000,208.79999E-3,
,,,7.984000,206.39999E-3,
,,,7.988000,204.39999E-3,
,,,7.992001,207.60000E-3,
,,,7.996000,206.00000E-3,
,,,8.000000,207.99999E-3,
,,,8.004001,203.59999E-3,
,,,8.008000,207.60000E-3,
,,,8.012000,204.79999E-3,
,,,8.016001,207.19999E-3,
,,,8.020000,204.00000E-3,
,,,8.024000,202.40000E-3,
,,,8.028001,201.99999E-3,
,,,8.032001,208.40000E-3,
,,,8.036000,204.79999E-3,
,,,8.040000,201.19999E-3,
,,,8.044001,205.59999E-3,
,,,8.048000,206.80000E-3,
,,,8.052000,207.60000E-3,
,,,8.056001,204.39999E-3,
,,,8.060000,201.99999E-3,
,,,8.064000,209.60000E-3,
,,,8.068001,204.79999E-3,
,,,8.072001,205.20000E-3,
,,,8.076000,204.00000E-3,
,,,8.080000,206.80000E-3,
,,,8.084001,206.39999E-3,
,,,8.088000,204.79999E-3,
,,,8.092000,204.39999E-3,
,,,8.096001,206.00000E-3,
,,,8.100000,208.40000E-3,
,,,8.104000,204.00000E-3,
,,,8.108001,201.60000E-3,
,,,8.112000,200.80000E-3,
,,,8.116000,206.39999E-3,
,,,8.120001,201.60000E-3,
,,,8.124001,204.00000E-3,
,,,8.128000,204.39999E-3,
,,,8.132000,205.59999E-3,
,,,8.136001,202.40000E-3,
,,,8.140000,201.19999E-3,
,,,8.144000,207.19999E-3,
,,,8.148001,205.59999E-3,
,,,8.152000,206.39999E-3,
,,,8.156000,204.39999E-3,
,,,8.160001,204.39999E-3,
,,,8.164001,208.40000E-3,
,,,8.168000,204.00000E-3,
,,,8.172000,205.20000E-3,
,,,8.176001,202.40000E-3,
,,,8.180000,209.19999E-3,
,,,8.184000,205.59999E-3,
,,,8.188001,200.80000E-3,
,,,8.192000,200.80000E-3,
,,,8.196000,206.80000E-3,
,,,8.200001,206.00000E-3,
,,,8.204000,203.20000E-3,
,,,8.208000,207.60000E-3,
,,,8.212001,201.99999E-3,
,,,8.216001,209.99999E-3,
,,,8.220000,204.39999E-3,
,,,8.224000,204.00000E-3,
,,,8.228001,204.79999E-3,
,,,8.232000,205.59999E-3,
,,,8.236000,204.39999E-3,
,,,8.240001,200.80000E-3,
,,,8.244000,204.79999E-3,
,,,8.248000,206.00000E-3,
,,,8.252001,209.19999E-3,
,,,8.256001,201.99999E-3,
,,,8.260000,205.59999E-3,
,,,8.264000,209.19999E-3,
,,,8.268001,207.19999E-3,
,,,8.272000,204.00000E-3,
,,,8.276000,203.59999E-3,
,,,8.280001,209.19999E-3,
,,,8.284000,204.79999E-3,
,,,8.288000,207.60000E-3,
,,,8.292001,202.40000E-3,
,,,8.296000,204.39999E-3,
,,,8.300000,207.99999E-3,
,,,8.304001,202.79999E-3,
,,,8.308001,206.80000E-3,
,,,8.312000,199.99999E-3,
,,,8.316000,210.40000E-3,
,,,8.320001,202.79999E-3,
,,,8.324000,206.80000E-3,
,,,8.328000,204.39999E-3,
,,,8.332001,205.59999E-3,
,,,8.336000,208.40000E-3,
,,,8.340000,202.40000E-3,
,,,8.344001,205.59999E-3,
,,,8.348001,207.19999E-3,
,,,8.352000,211.59999E-3,
,,,8.356000,203.59999E-3,
,,,8.360001,207.60000E-3,
,,,8.364000,208.40000E-3,
,,,8.368000,206.00000E-3,
,,,8.372001,205.59999E-3,
,,,8.376000,205.59999E-3,
,,,8.380000,211.20000E-3,
,,,8.384001,206.39999E-3,
,,,8.388000,209.19999E-3,
,,,8.392000,206.00000E-3,
,,,8.396001,206.39999E-3,
,,,8.400001,210.79999E-3,
,,,8.404000,201.99999E-3,
,,,8.408000,207.99999E-3,
,,,8.412001,204.39999E-3,
,,,8.416000,212.00000E-3,
,,,8.420000,204.00000E-3,
,,,8.424001,204.79999E-3,
,,,8.428000,203.59999E-3,
,,,8.432000,208.79999E-3,
,,,8.436001,205.59999E-3,
,,,8.440001,203.59999E-3,
,,,8.444000,206.00000E-3,
,,,8.448000,207.19999E-3,
,,,8.452001,211.59999E-3,
,,,8.456000,200.80000E-3,
,,,8.460000,206.00000E-3,
,,,8.464001,208.79999E-3,
,,,8.468000,206.80000E-3,
,,,8.472000,204.79999E-3,
,,,8.476001,200.80000E-3,
,,,8.480000,208.40000E-3,
,,,8.484000,205.59999E-3,
,,,8.488001,211.20000E-3,
,,,8.492001,203.59999E-3,
,,,8.496000,207.19999E-3,
,,,8.500000,208.79999E-3,
,,,8.504001,203.59999E-3,
,,,8.508000,205.20000E-3,
,,,8.512000,202.40000E-3,
,,,8.516001,209.19999E-3,
,,,8.520000,204.00000E-3,
,,,8.524000,207.99999E-3,
,,,8.528001,200.39999E-3,
,,,8.532001,208.40000E-3,
,,,8.536000,206.80000E-3,
,,,8.540000,202.79999E-3,
,,,8.544001,208.79999E-3,
,,,8.548000,204.79999E-3,
,,,8.552000,208.40000E-3,
,,,8.556001,201.99999E-3,
,,,8.560000,205.20000E-3,
,,,8.564000,207.60000E-3,
,,,8.568001,207.99999E-3,
,,,8.572001,202.40000E-3,
,,,8.576000,204.79999E-3,
,,,8.580001,207.99999E-3,
,,,8.584001,205.59999E-3,
,,,8.588000,207.60000E-3,
,,,8.592000,204.00000E-3,
,,,8.596001,204.79999E-3,
,,,8.600000,208.40000E-3,
,,,8.604000,204.79999E-3,
,,,8.608001,203.59999E-3,
,,,8.612000,204.39999E-3,
,,,8.616000,209.60000E-3,
,,,8.620001,201.99999E-3,
,,,8.624001,205.20000E-3,
,,,8.628000,203.20000E-3,
,,,8.632000,209.99999E-3,
,,,8.636001,204.39999E-3,
,,,8.640000,204.79999E-3,
,,,8.644000,206.80000E-3,
,,,8.648001,206.80000E-3,
,,,8.652000,209.60000E-3,
,,,8.656000,201.99999E-3,
,,,8.660001,204.00000E-3,
,,,8.664001,205.59999E-3,
,,,8.668000,207.99999E-3,
,,,8.672001,203.59999E-3,
,,,8.676001,203.20000E-3,
,,,8.680000,206.80000E-3,
,,,8.684000,205.59999E-3,
,,,8.688001,206.39999E-3,
,,,8.692000,202.79999E-3,
,,,8.696000,206.39999E-3,
,,,8.700001,207.99999E-3,
,,,8.704000,206.80000E-3,
,,,8.708000,203.20000E-3,
,,,8.712001,202.40000E-3,
,,,8.716001,208.40000E-3,
,,,8.720000,201.99999E-3,
,,,8.724000,203.20000E-3,
,,,8.728001,200.80000E-3,
,,,8.732000,207.99999E-3,
,,,8.736000,202.40000E-3,
,,,8.740001,201.19999E-3,
,,,8.744000,203.59999E-3,
,,,8.748000,205.20000E-3,
,,,8.752001,209.99999E-3,
,,,8.756001,200.39999E-3,
,,,8.760000,202.79999E-3,
,,,8.764001,205.59999E-3,
,,,8.768001,207.60000E-3,
,,,8.772000,201.19999E-3,
,,,8.776000,204.00000E-3,
,,,8.780001,204.79999E-3,
,,,8.784000,204.79999E-3,
,,,8.788000,205.20000E-3,
,,,8.792001,199.19999E-3,
,,,8.796000,204.79999E-3,
,,,8.800000,206.39999E-3,
,,,8.804001,201.60000E-3,
,,,8.808001,204.00000E-3,
,,,8.812000,204.39999E-3,
,,,8.816000,208.79999E-3,
,,,8.820001,204.79999E-3,
,,,8.824000,204.00000E-3,
,,,8.828000,199.60000E-3,
,,,8.832001,207.19999E-3,
,,,8.836000,205.59999E-3,
,,,8.840000,203.20000E-3,
,,,8.844001,205.20000E-3,
,,,8.848001,206.80000E-3,
,,,8.852000,207.60000E-3,
,,,8.856000,203.59999E-3,
,,,8.860001,207.60000E-3,
,,,8.864000,206.80000E-3,
,,,8.868000,209.19999E-3,
,,,8.872001,204.00000E-3,
,,,8.876000,200.80000E-3,
,,,8.880000,207.19999E-3,
,,,8.884001,208.79999E-3,
,,,8.888000,206.39999E-3,
,,,8.892000,199.60000E-3,
,,,8.896001,207.60000E-3,
,,,8.900001,206.80000E-3,
,,,8.904000,206.00000E-3,
,,,8.908000,202.40000E-3,
,,,8.912001,201.99999E-3,
,,,8.916000,210.40000E-3,
,,,8.920000,204.39999E-3,
,,,8.924001,203.59999E-3,
,,,8.928000,200.80000E-3,
,,,8.932000,209.19999E-3,
,,,8.936001,203.20000E-3,
,,,8.940001,204.39999E-3,
,,,8.944000,202.40000E-3,
,,,8.948000,206.39999E-3,
,,,8.952001,208.79999E-3,
,,,8.956000,202.79999E-3,
,,,8.960000,204.39999E-3,
,,,8.964001,203.59999E-3,
,,,8.968000,207.99999E-3,
,,,8.972000,200.39999E-3,
,,,8.976001,203.59999E-3,
,,,8.980000,203.20000E-3,
,,,8.984000,206.39999E-3,
,,,8.988001,206.80000E-3,
,,,8.992001,199.99999E-3,
,,,8.996000,203.59999E-3,
,,,9.000000,205.20000E-3,
,,,9.004001,204.79999E-3,
,,,9.008000,203.59999E-3,
,,,9.012000,202.79999E-3,
,,,9.016001,206.80000E-3,
,,,9.020000,201.99999E-3,
,,,9.024000,202.79999E-3,
,,,9.028001,199.99999E-3,
,,,9.032001,208.79999E-3,
,,,9.036000,203.20000E-3,
,,,9.040000,203.20000E-3,
,,,9.044001,201.19999E-3,
,,,9.048000,205.59999E-3,
,,,9.052000,209.19999E-3,
,,,9.056001,200.39999E-3,
,,,9.060000,203.59999E-3,
,,,9.064000,201.60000E-3,
,,,9.068001,207.60000E-3,
,,,9.072001,202.79999E-3,
,,,9.076000,205.20000E-3,
,,,9.080001,206.00000E-3,
,,,9.084001,205.59999E-3,
,,,9.088000,204.79999E-3,
,,,9.092000,200.39999E-3,
,,,9.096001,206.80000E-3,
,,,9.100000,206.00000E-3,
,,,9.104000,207.60000E-3,
,,,9.108001,199.99999E-3,
,,,9.112000,203.20000E-3,
,,,9.116000,203.59999E-3,
,,,9.120001,202.40000E-3,
,,,9.124001,201.99999E-3,
,,,9.128000,199.60000E-3,
,,,9.132000,206.80000E-3,
,,,9.136001,200.80000E-3,
,,,9.140000,203.20000E-3,
,,,9.144000,199.99999E-3,
,,,9.148001,204.00000E-3,
,,,9.152000,207.19999E-3,
,,,9.156000,201.60000E-3,
,,,9.160001,201.19999E-3,
,,,9.164001,200.39999E-3,
,,,9.168000,206.39999E-3,
,,,9.172001,197.20000E-3,
,,,9.176001,202.79999E-3,
,,,9.180000,201.99999E-3,
,,,9.184000,203.59999E-3,
,,,9.188001,201.60000E-3,
,,,9.192000,201.99999E-3,
,,,9.196000,203.59999E-3,
,,,9.200001,204.00000E-3,
,,,9.204000,204.00000E-3,
,,,9.208000,202.40000E-3,
,,,9.212001,205.59999E-3,
,,,9.216001,207.19999E-3,
,,,9.220000,203.59999E-3,
,,,9.224000,204.00000E-3,
,,,9.228001,200.80000E-3,
,,,9.232000,206.80000E-3,
,,,9.236000,204.79999E-3,
,,,9.240001,207.19999E-3,
,,,9.244000,204.00000E-3,
,,,9.248000,209.19999E-3,
,,,9.252001,205.59999E-3,
,,,9.256001,206.39999E-3,
,,,9.260000,205.59999E-3,
,,,9.264001,203.20000E-3,
,,,9.268001,209.60000E-3,
,,,9.272000,199.19999E-3,
,,,9.276000,204.00000E-3,
,,,9.280001,205.20000E-3,
,,,9.284000,206.80000E-3,
,,,9.288000,202.79999E-3,
,,,9.292001,202.79999E-3,
,,,9.296000,205.59999E-3,
,,,9.300000,205.20000E-3,
,,,9.304001,208.40000E-3,
,,,9.308001,201.60000E-3,
,,,9.312000,202.79999E-3,
,,,9.316000,207.99999E-3,
,,,9.320001,204.79999E-3,
,,,9.324000,201.99999E-3,
,,,9.328000,202.40000E-3,
,,,9.332001,210.79999E-3,
,,,9.336000,203.20000E-3,
,,,9.340000,203.59999E-3,
,,,9.344001,201.60000E-3,
,,,9.348001,204.00000E-3,
,,,9.352000,206.39999E-3,
,,,9.356001,201.99999E-3,
,,,9.360001,203.20000E-3,
,,,9.364000,201.99999E-3,
,,,9.368000,208.79999E-3,
,,,9.372001,199.60000E-3,
,,,9.376000,204.00000E-3,
,,,9.380000,202.40000E-3,
,,,9.384001,205.59999E-3,
,,,9.388000,207.99999E-3,
,,,9.392000,204.39999E-3,
,,,9.396001,204.39999E-3,
,,,9.400001,207.19999E-3,
,,,9.404000,205.59999E-3,
,,,9.408000,201.60000E-3,
,,,9.412001,206.00000E-3,
,,,9.416000,206.80000E-3,
,,,9.420000,203.20000E-3,
,,,9.424001,207.60000E-3,
,,,9.428000,199.99999E-3,
,,,9.432000,206.80000E-3,
,,,9.436001,202.79999E-3,
,,,9.440001,203.20000E-3,
,,,9.444000,201.99999E-3,
,,,9.448001,208.79999E-3,
,,,9.452001,205.20000E-3,
,,,9.456000,200.39999E-3,
,,,9.460000,205.20000E-3,
,,,9.464001,203.59999E-3,
,,,9.468000,210.40000E-3,
,,,9.472000,199.99999E-3,
,,,9.476001,203.20000E-3,
,,,9.480000,202.79999E-3,
,,,9.484000,204.79999E-3,
,,,9.488001,200.39999E-3,
,,,9.492001,201.99999E-3,
,,,9.496000,205.20000E-3,
,,,9.500000,205.59999E-3,
,,,9.504001,206.00000E-3,
,,,9.508000,192.80000E-3,
,,,9.512000,201.19999E-3,
,,,9.516001,203.59999E-3,
,,,9.520000,201.99999E-3,
,,,9.524000,203.20000E-3,
,,,9.528001,198.80000E-3,
,,,9.532001,208.40000E-3,
,,,9.536000,203.20000E-3,
,,,9.540001,204.79999E-3,
,,,9.544001,199.60000E-3,
,,,9.548000,206.39999E-3,
,,,9.552000,205.59999E-3,
,,,9.556001,201.60000E-3,
,,,9.560000,202.79999E-3,
,,,9.564000,201.99999E-3,
,,,9.568001,208.79999E-3,
,,,9.572001,198.80000E-3,
,,,9.576000,202.40000E-3,
,,,9.580001,198.39999E-3,
,,,9.584001,205.59999E-3,
,,,9.588000,204.00000E-3,
,,,9.592000,200.39999E-3,
,,,9.596001,203.20000E-3,
,,,9.600000,203.59999E-3,
,,,9.604000,204.39999E-3,
,,,9.608001,199.19999E-3,
,,,9.612000,201.99999E-3,
,,,9.616000,204.00000E-3,
,,,9.620001,203.59999E-3,
,,,9.624001,200.80000E-3,
,,,9.628000,118.8000E-3,
,,,9.632001,118.8000E-3,
,,,9.636001,118.8000E-3,
,,,9.640000,118.8000E-3,
,,,9.644000,118.8000E-3,
,,,9.648001,118.8000E-3,
,,,9.652000,118.8000E-3,
,,,9.656000,118.8000E-3,
,,,9.660001,118.8000E-3,
,,,9.664001,118.8000E-3,
,,,9.668000,118.8000E-3,
,,,9.672001,118.8000E-3,
,,,9.676001,118.8000E-3,
,,,9.680000,118.8000E-3,
,,,9.684000,118.8000E-3,
,,,9.688001,118.8000E-3,
,,,9.692000,118.8000E-3,
,,,9.696000,118.8000E-3,
,,,9.700001,118.8000E-3,
,,,9.704000,118.8000E-3,
,,,9.708000,118.8000E-3,
,,,9.712001,118.8000E-3,
,,,9.716001,118.8000E-3,
,,,9.720000,118.8000E-3,
,,,9.724001,118.8000E-3,
,,,9.728001,118.8000E-3,
,,,9.732000,118.8000E-3,
,,,9.736000,118.8000E-3,
,,,9.740001,118.8000E-3,
,,,9.744000,118.8000E-3,
,,,9.748000,118.8000E-3,
,,,9.752001,118.8000E-3,
,,,9.756001,118.8000E-3,
,,,9.760000,118.8000E-3,
,,,9.764001,118.8000E-3,
,,,9.768001,118.8000E-3,
,,,9.772000,118.8000E-3,
,,,9.776000,118.8000E-3,
,,,9.780001,118.8000E-3,
,,,9.784000,118.8000E-3,
,,,9.788000,118.8000E-3,
,,,9.792001,118.8000E-3,
,,,9.796000,118.8000E-3,
,,,9.800000,118.8000E-3,
,,,9.804001,118.8000E-3,
,,,9.808001,118.8000E-3,
,,,9.812000,118.8000E-3,
,,,9.816001,118.8000E-3,
,,,9.820001,118.8000E-3,
,,,9.824000,118.8000E-3,
,,,9.828000,118.8000E-3,
,,,9.832001,118.8000E-3,
,,,9.836000,118.8000E-3,
,,,9.840000,118.8000E-3,
,,,9.844001,118.8000E-3,
,,,9.848001,118.8000E-3,
,,,9.852000,118.8000E-3,
,,,9.856001,118.8000E-3,
,,,9.860001,118.8000E-3,
,,,9.864000,118.8000E-3,
,,,9.868000,118.8000E-3,
,,,9.872001,118.8000E-3,
,,,9.876000,118.8000E-3,
,,,9.880000,118.8000E-3,
,,,9.884001,118.8000E-3,
,,,9.888000,118.8000E-3,
,,,9.892000,118.8000E-3,
,,,9.896001,118.8000E-3,
,,,9.900001,118.8000E-3,
,,,9.904000,118.8000E-3,
,,,9.908001,118.8000E-3,
,,,9.912001,118.8000E-3,
,,,9.916000,118.8000E-3,
,,,9.920000,118.8000E-3,
,,,9.924001,118.8000E-3,
,,,9.928000,118.8000E-3,
,,,9.932000,118.8000E-3,
,,,9.936001,118.8000E-3,
,,,9.940001,118.8000E-3,
,,,9.944000,118.8000E-3,
,,,9.948001,118.8000E-3,
,,,9.952001,118.8000E-3,
,,,9.956000,118.8000E-3,
,,,9.960000,118.8000E-3,
,,,9.964001,118.8000E-3,
,,,9.968000,118.8000E-3,
,,,9.972000,118.8000E-3,
,,,9.976001,118.8000E-3,
,,,9.980000,118.8000E-3,
,,,9.984000,118.8000E-3,
,,,9.988001,118.8000E-3,
,,,9.992001,118.8000E-3,
,,,9.996000,118.8000E-3,
