Record Length,2500,Points,0.0,32.80000E-3,
Sample Interval,10.00000E-3,s,10.00000E-3,32.80000E-3,
Trigger Point,0.0,Samples,20.0000E-3,32.80000E-3,
,,,30.00000E-3,32.80000E-3,
,,,40.00000E-3,32.80000E-3,
,,,50.00000E-3,32.80000E-3,
Source,CH1,,59.999999E-3,32.80000E-3,
Vertical Units,Volts,,70.000000E-3,32.80000E-3,
Vertical Scale,20.0000E-3,,79.999998E-3,32.80000E-3,
Vertical Offset,0,,89.999996E-3,32.80000E-3,
Horizontal Units,s,,99.999994E-3,32.80000E-3,
Horizontal Scale,2.5000,,110.0000E-3,32.80000E-3,
Pt Fmt,Y,,120.0000E-3,32.80000E-3,
Yzero,-6.76000,,130.0000E-3,32.80000E-3,
Probe Atten,10.0000,,140.0000E-3,32.80000E-3,
,,,149.99999E-3,32.80000E-3,
Note,TDS 1002C-EDU - 12:25:12 PM   6/18/2013,,160.00000E-3,32.80000E-3,
,,,170.00000E-3,32.80000E-3,
,,,179.99999E-3,32.80000E-3,
,,,190.00000E-3,32.80000E-3,
,,,199.99999E-3,32.80000E-3,
,,,209.99999E-3,32.80000E-3,
,,,220.00000E-3,32.80000E-3,
,,,229.99999E-3,32.80000E-3,
,,,239.99999E-3,32.80000E-3,
,,,250.00000E-3,32.80000E-3,
,,,259.99999E-3,32.80000E-3,
,,,269.99998E-3,32.80000E-3,
,,,280.00000E-3,32.80000E-3,
,,,289.99999E-3,32.80000E-3,
,,,299.99998E-3,32.80000E-3,
,,,310.00000E-3,32.80000E-3,
,,,319.99999E-3,32.80000E-3,
,,,329.99998E-3,32.80000E-3,
,,,340.00000E-3,32.80000E-3,
,,,349.99999E-3,32.80000E-3,
,,,359.99998E-3,32.80000E-3,
,,,370.00000E-3,32.80000E-3,
,,,380.00000E-3,32.80000E-3,
,,,389.99999E-3,32.80000E-3,
,,,399.99998E-3,32.80000E-3,
,,,409.999996E-3,32.80000E-3,
,,,419.999987E-3,32.80000E-3,
,,,429.999977E-3,32.80000E-3,
,,,439.999998E-3,32.80000E-3,
,,,449.999988E-3,32.80000E-3,
,,,459.999979E-3,32.80000E-3,
,,,469.999999E-3,32.80000E-3,
,,,479.999989E-3,32.80000E-3,
,,,489.999980E-3,32.80000E-3,
,,,500.000000E-3,32.80000E-3,
,,,509.999990E-3,32.80000E-3,
,,,519.999981E-3,32.80000E-3,
,,,529.999971E-3,32.80000E-3,
,,,539.999962E-3,32.80000E-3,
,,,550.000012E-3,32.80000E-3,
,,,560.000002E-3,32.80000E-3,
,,,569.999993E-3,32.80000E-3,
,,,579.999983E-3,32.80000E-3,
,,,589.999974E-3,32.80000E-3,
,,,599.999964E-3,32.80000E-3,
,,,610.000014E-3,32.80000E-3,
,,,620.000005E-3,32.80000E-3,
,,,629.999995E-3,32.80000E-3,
,,,639.999986E-3,32.80000E-3,
,,,649.999976E-3,32.80000E-3,
,,,659.999967E-3,32.80000E-3,
,,,669.999957E-3,32.80000E-3,
,,,680.000007E-3,32.80000E-3,
,,,689.999998E-3,32.80000E-3,
,,,699.999988E-3,32.80000E-3,
,,,709.999979E-3,32.80000E-3,
,,,719.999969E-3,32.80000E-3,
,,,729.999959E-3,32.80000E-3,
,,,740.000010E-3,32.80000E-3,
,,,750.000000E-3,32.80000E-3,
,,,759.999990E-3,32.80000E-3,
,,,769.999981E-3,32.80000E-3,
,,,779.999971E-3,32.80000E-3,
,,,789.999962E-3,32.80000E-3,
,,,799.999952E-3,32.80000E-3,
,,,810.000002E-3,32.80000E-3,
,,,819.999993E-3,32.80000E-3,
,,,829.999983E-3,32.80000E-3,
,,,839.999974E-3,32.80000E-3,
,,,849.999964E-3,32.80000E-3,
,,,859.999955E-3,32.80000E-3,
,,,870.000005E-3,32.80000E-3,
,,,879.999995E-3,32.80000E-3,
,,,889.999986E-3,32.80000E-3,
,,,899.999976E-3,32.80000E-3,
,,,909.999967E-3,32.80000E-3,
,,,919.999957E-3,32.80000E-3,
,,,930.000007E-3,32.80000E-3,
,,,939.999998E-3,32.80000E-3,
,,,949.999988E-3,32.80000E-3,
,,,959.999979E-3,32.80000E-3,
,,,969.999969E-3,32.80000E-3,
,,,979.999959E-3,32.80000E-3,
,,,989.999950E-3,32.80000E-3,
,,,1.000,32.80000E-3,
,,,1.0100,32.80000E-3,
,,,1.0200,32.80000E-3,
,,,1.0300,32.80000E-3,
,,,1.0400,32.80000E-3,
,,,1.0500,32.80000E-3,
,,,1.0600,32.80000E-3,
,,,1.0700,32.80000E-3,
,,,1.0800,32.80000E-3,
,,,1.0900,32.80000E-3,
,,,1.1000,32.80000E-3,
,,,1.1100,32.80000E-3,
,,,1.1200,32.80000E-3,
,,,1.1300,32.80000E-3,
,,,1.1400,32.80000E-3,
,,,1.1500,32.80000E-3,
,,,1.1600,32.80000E-3,
,,,1.1700,32.80000E-3,
,,,1.1800,32.80000E-3,
,,,1.1900,32.80000E-3,
,,,1.2000,32.80000E-3,
,,,1.2100,32.80000E-3,
,,,1.2200,32.80000E-3,
,,,1.2300,32.80000E-3,
,,,1.2400,32.80000E-3,
,,,1.2500,32.80000E-3,
,,,1.2600,32.80000E-3,
,,,1.2700,32.80000E-3,
,,,1.2800,32.80000E-3,
,,,1.2900,32.80000E-3,
,,,1.3000,32.80000E-3,
,,,1.3100,32.80000E-3,
,,,1.3200,32.80000E-3,
,,,1.3300,32.80000E-3,
,,,1.3400,32.80000E-3,
,,,1.3500,32.80000E-3,
,,,1.3600,32.80000E-3,
,,,1.3700,32.80000E-3,
,,,1.3800,32.80000E-3,
,,,1.3900,32.80000E-3,
,,,1.4000,32.80000E-3,
,,,1.4100,32.80000E-3,
,,,1.4200,32.80000E-3,
,,,1.4300,32.80000E-3,
,,,1.4400,32.80000E-3,
,,,1.4500,32.80000E-3,
,,,1.4600,32.80000E-3,
,,,1.4700,32.80000E-3,
,,,1.4800,32.80000E-3,
,,,1.4900,32.80000E-3,
,,,1.5000,32.80000E-3,
,,,1.5100,32.80000E-3,
,,,1.5200,32.80000E-3,
,,,1.5300,32.80000E-3,
,,,1.5400,32.80000E-3,
,,,1.5500,32.80000E-3,
,,,1.5600,32.80000E-3,
,,,1.5700,32.80000E-3,
,,,1.5800,32.80000E-3,
,,,1.5900,32.80000E-3,
,,,1.6000,32.80000E-3,
,,,1.6100,32.80000E-3,
,,,1.6200,32.80000E-3,
,,,1.6300,32.80000E-3,
,,,1.6400,32.80000E-3,
,,,1.6500,32.80000E-3,
,,,1.6600,32.80000E-3,
,,,1.6700,32.80000E-3,
,,,1.6800,32.80000E-3,
,,,1.6900,197.59999E-3,
,,,1.7000,186.40000E-3,
,,,1.7100,192.80000E-3,
,,,1.7200,192.80000E-3,
,,,1.7300,199.99999E-3,
,,,1.7400,193.60000E-3,
,,,1.7500,195.20000E-3,
,,,1.7600,205.59999E-3,
,,,1.7700,202.40000E-3,
,,,1.7800,204.79999E-3,
,,,1.7900,199.99999E-3,
,,,1.8000,199.99999E-3,
,,,1.8100,202.40000E-3,
,,,1.8200,198.39999E-3,
,,,1.8300,207.19999E-3,
,,,1.8400,200.80000E-3,
,,,1.8500,203.20000E-3,
,,,1.8600,201.60000E-3,
,,,1.8700,207.99999E-3,
,,,1.8800,203.20000E-3,
,,,1.8900,194.40000E-3,
,,,1.9000,192.80000E-3,
,,,1.9100,195.20000E-3,
,,,1.9200,187.19999E-3,
,,,1.9300,198.39999E-3,
,,,1.9400,195.20000E-3,
,,,1.9500,200.80000E-3,
,,,1.9600,205.59999E-3,
,,,1.9700,201.60000E-3,
,,,1.9800,207.19999E-3,
,,,1.9900,206.39999E-3,
,,,2.0000,203.20000E-3,
,,,2.0100,207.19999E-3,
,,,2.0200,198.39999E-3,
,,,2.0300,206.39999E-3,
,,,2.0400,199.99999E-3,
,,,2.0500,204.00000E-3,
,,,2.0600,203.20000E-3,
,,,2.0700,206.39999E-3,
,,,2.0800,199.99999E-3,
,,,2.0900,198.39999E-3,
,,,2.1000,194.40000E-3,
,,,2.1100,197.59999E-3,
,,,2.1200,186.40000E-3,
,,,2.1300,203.20000E-3,
,,,2.1400,194.40000E-3,
,,,2.1500,205.59999E-3,
,,,2.1600,204.00000E-3,
,,,2.1700,203.20000E-3,
,,,2.1800,211.20000E-3,
,,,2.1900,203.20000E-3,
,,,2.2000,203.20000E-3,
,,,2.2100,202.40000E-3,
,,,2.2200,186.40000E-3,
,,,2.2300,165.60000E-3,
,,,2.2400,141.6000E-3,
,,,2.2500,140.8000E-3,
,,,2.2600,137.6000E-3,
,,,2.2700,132.0000E-3,
,,,2.2800,136.8000E-3,
,,,2.2900,132.0000E-3,
,,,2.3000,133.6000E-3,
,,,2.3100,132.8000E-3,
,,,2.3200,129.6000E-3,
,,,2.3300,136.8000E-3,
,,,2.3400,131.2000E-3,
,,,2.3500,132.8000E-3,
,,,2.3600,134.4000E-3,
,,,2.3700,132.8000E-3,
,,,2.3800,136.0000E-3,
,,,2.3900,131.2000E-3,
,,,2.4000,132.0000E-3,
,,,2.4100,134.4000E-3,
,,,2.4200,132.0000E-3,
,,,2.4300,137.6000E-3,
,,,2.4400,131.2000E-3,
,,,2.4500,132.0000E-3,
,,,2.4600,134.4000E-3,
,,,2.4700,132.0000E-3,
,,,2.4800,135.2000E-3,
,,,2.4900,129.6000E-3,
,,,2.5000,130.4000E-3,
,,,2.5100,134.4000E-3,
,,,2.5200,132.0000E-3,
,,,2.5300,136.0000E-3,
,,,2.5400,130.4000E-3,
,,,2.5500,132.8000E-3,
,,,2.5600,134.4000E-3,
,,,2.5700,132.8000E-3,
,,,2.5800,136.0000E-3,
,,,2.5900,132.0000E-3,
,,,2.6000,132.0000E-3,
,,,2.6100,134.4000E-3,
,,,2.6200,132.0000E-3,
,,,2.6300,135.2000E-3,
,,,2.6400,132.0000E-3,
,,,2.6500,134.4000E-3,
,,,2.6600,135.2000E-3,
,,,2.6700,133.6000E-3,
,,,2.6800,136.8000E-3,
,,,2.6900,132.8000E-3,
,,,2.7000,134.4000E-3,
,,,2.7100,136.0000E-3,
,,,2.72000,133.6000E-3,
,,,2.73000,136.8000E-3,
,,,2.74000,132.0000E-3,
,,,2.75000,132.0000E-3,
,,,2.76000,136.8000E-3,
,,,2.77000,132.8000E-3,
,,,2.78000,135.2000E-3,
,,,2.79000,131.2000E-3,
,,,2.80000,132.8000E-3,
,,,2.81000,136.0000E-3,
,,,2.82000,141.6000E-3,
,,,2.83000,136.0000E-3,
,,,2.84000,131.2000E-3,
,,,2.85000,132.8000E-3,
,,,2.86000,134.4000E-3,
,,,2.87000,131.2000E-3,
,,,2.88000,136.0000E-3,
,,,2.89000,132.0000E-3,
,,,2.90000,134.4000E-3,
,,,2.91000,135.2000E-3,
,,,2.92000,132.0000E-3,
,,,2.93000,127.2000E-3,
,,,2.94000,131.2000E-3,
,,,2.95000,134.4000E-3,
,,,2.96000,133.6000E-3,
,,,2.97000,132.8000E-3,
,,,2.98000,135.2000E-3,
,,,2.99000,131.2000E-3,
,,,3.00000,132.8000E-3,
,,,3.01000,134.4000E-3,
,,,3.02000,132.0000E-3,
,,,3.03000,134.4000E-3,
,,,3.04000,130.4000E-3,
,,,3.05000,131.2000E-3,
,,,3.06000,134.4000E-3,
,,,3.07000,132.0000E-3,
,,,3.08000,135.2000E-3,
,,,3.09000,130.4000E-3,
,,,3.10000,132.8000E-3,
,,,3.11000,133.6000E-3,
,,,3.12000,131.2000E-3,
,,,3.13000,135.2000E-3,
,,,3.14000,130.4000E-3,
,,,3.15000,132.0000E-3,
,,,3.16000,133.6000E-3,
,,,3.17000,132.8000E-3,
,,,3.18000,136.0000E-3,
,,,3.19000,131.2000E-3,
,,,3.20000,133.6000E-3,
,,,3.21000,133.6000E-3,
,,,3.22000,132.0000E-3,
,,,3.23000,134.4000E-3,
,,,3.24000,131.2000E-3,
,,,3.25000,132.8000E-3,
,,,3.26000,136.0000E-3,
,,,3.27000,132.0000E-3,
,,,3.28000,135.2000E-3,
,,,3.29000,132.8000E-3,
,,,3.30000,132.8000E-3,
,,,3.31000,134.4000E-3,
,,,3.32000,132.0000E-3,
,,,3.33000,136.0000E-3,
,,,3.34000,131.2000E-3,
,,,3.35000,130.4000E-3,
,,,3.36000,134.4000E-3,
,,,3.37000,132.8000E-3,
,,,3.38000,134.4000E-3,
,,,3.39000,129.6000E-3,
,,,3.40000,132.0000E-3,
,,,3.41000,132.8000E-3,
,,,3.42000,134.4000E-3,
,,,3.43000,135.2000E-3,
,,,3.44000,131.2000E-3,
,,,3.45000,130.4000E-3,
,,,3.46000,135.2000E-3,
,,,3.47000,132.0000E-3,
,,,3.48000,135.2000E-3,
,,,3.49000,131.2000E-3,
,,,3.50000,132.0000E-3,
,,,3.51000,134.4000E-3,
,,,3.52000,132.0000E-3,
,,,3.53000,136.0000E-3,
,,,3.54000,132.0000E-3,
,,,3.55000,132.8000E-3,
,,,3.56000,136.0000E-3,
,,,3.57000,136.0000E-3,
,,,3.58000,134.4000E-3,
,,,3.59000,132.0000E-3,
,,,3.60000,134.4000E-3,
,,,3.61000,134.4000E-3,
,,,3.62000,134.4000E-3,
,,,3.63000,136.0000E-3,
,,,3.64000,131.2000E-3,
,,,3.65000,132.8000E-3,
,,,3.66000,136.0000E-3,
,,,3.67000,132.0000E-3,
,,,3.68000,135.2000E-3,
,,,3.69000,132.0000E-3,
,,,3.70000,132.8000E-3,
,,,3.71000,133.6000E-3,
,,,3.72000,132.0000E-3,
,,,3.73000,136.0000E-3,
,,,3.74000,132.0000E-3,
,,,3.75000,132.0000E-3,
,,,3.76000,134.4000E-3,
,,,3.77000,132.0000E-3,
,,,3.78000,134.4000E-3,
,,,3.79000,131.2000E-3,
,,,3.80000,132.8000E-3,
,,,3.81000,134.4000E-3,
,,,3.82000,132.8000E-3,
,,,3.83000,136.8000E-3,
,,,3.84000,131.2000E-3,
,,,3.85000,132.8000E-3,
,,,3.86000,133.6000E-3,
,,,3.87000,132.0000E-3,
,,,3.88000,136.0000E-3,
,,,3.89000,128.0000E-3,
,,,3.90000,132.8000E-3,
,,,3.91000,134.4000E-3,
,,,3.92000,133.6000E-3,
,,,3.93000,134.4000E-3,
,,,3.94000,132.8000E-3,
,,,3.95000,133.6000E-3,
,,,3.96000,134.4000E-3,
,,,3.97000,132.8000E-3,
,,,3.98000,136.8000E-3,
,,,3.99000,132.8000E-3,
,,,4.00000,134.4000E-3,
,,,4.01000,136.0000E-3,
,,,4.02000,133.6000E-3,
,,,4.03000,136.0000E-3,
,,,4.04000,133.6000E-3,
,,,4.05000,133.6000E-3,
,,,4.06000,136.0000E-3,
,,,4.07000,134.4000E-3,
,,,4.08000,137.6000E-3,
,,,4.09000,134.4000E-3,
,,,4.10000,136.0000E-3,
,,,4.11000,136.8000E-3,
,,,4.12000,135.2000E-3,
,,,4.13000,139.2000E-3,
,,,4.14000,136.0000E-3,
,,,4.15000,136.8000E-3,
,,,4.16000,137.6000E-3,
,,,4.17000,136.8000E-3,
,,,4.18000,139.2000E-3,
,,,4.19000,137.6000E-3,
,,,4.20000,137.6000E-3,
,,,4.21000,139.2000E-3,
,,,4.22000,136.8000E-3,
,,,4.23000,139.2000E-3,
,,,4.24000,137.6000E-3,
,,,4.25000,137.6000E-3,
,,,4.26000,137.6000E-3,
,,,4.27000,137.6000E-3,
,,,4.28000,139.2000E-3,
,,,4.29000,136.8000E-3,
,,,4.30000,138.4000E-3,
,,,4.31000,138.4000E-3,
,,,4.32000,138.4000E-3,
,,,4.33000,142.4000E-3,
,,,4.34000,137.6000E-3,
,,,4.35000,140.8000E-3,
,,,4.36000,140.0000E-3,
,,,4.37000,139.2000E-3,
,,,4.38000,141.6000E-3,
,,,4.39000,137.6000E-3,
,,,4.40000,140.0000E-3,
,,,4.41000,140.0000E-3,
,,,4.42000,139.2000E-3,
,,,4.43000,141.6000E-3,
,,,4.44000,138.4000E-3,
,,,4.45000,139.2000E-3,
,,,4.46000,140.8000E-3,
,,,4.47000,140.8000E-3,
,,,4.48000,141.6000E-3,
,,,4.49000,140.8000E-3,
,,,4.50000,141.6000E-3,
,,,4.51000,140.8000E-3,
,,,4.52000,136.8000E-3,
,,,4.53000,144.8000E-3,
,,,4.54000,139.2000E-3,
,,,4.55000,142.4000E-3,
,,,4.56000,143.2000E-3,
,,,4.57000,141.6000E-3,
,,,4.58000,146.4000E-3,
,,,4.59000,140.8000E-3,
,,,4.60000,142.4000E-3,
,,,4.61000,143.2000E-3,
,,,4.62000,140.8000E-3,
,,,4.63000,143.2000E-3,
,,,4.64000,140.8000E-3,
,,,4.65000,140.8000E-3,
,,,4.66000,141.6000E-3,
,,,4.67000,141.6000E-3,
,,,4.68000,145.6000E-3,
,,,4.69000,143.2000E-3,
,,,4.70000,144.0000E-3,
,,,4.71000,144.0000E-3,
,,,4.72000,143.2000E-3,
,,,4.73000,146.4000E-3,
,,,4.74000,143.2000E-3,
,,,4.75000,144.8000E-3,
,,,4.76000,144.8000E-3,
,,,4.77000,144.0000E-3,
,,,4.78000,146.4000E-3,
,,,4.79000,144.0000E-3,
,,,4.80000,144.8000E-3,
,,,4.81000,144.0000E-3,
,,,4.82000,142.4000E-3,
,,,4.83000,145.6000E-3,
,,,4.84000,143.2000E-3,
,,,4.85000,144.0000E-3,
,,,4.86000,144.0000E-3,
,,,4.87000,144.0000E-3,
,,,4.88000,147.2000E-3,
,,,4.89000,144.8000E-3,
,,,4.90000,146.4000E-3,
,,,4.91000,146.4000E-3,
,,,4.92000,145.6000E-3,
,,,4.93000,148.0000E-3,
,,,4.94000,144.8000E-3,
,,,4.95000,148.0000E-3,
,,,4.96000,145.6000E-3,
,,,4.97000,147.2000E-3,
,,,4.98000,148.80000E-3,
,,,4.99000,148.80000E-3,
,,,5.00000,146.4000E-3,
,,,5.01000,146.4000E-3,
,,,5.02000,144.8000E-3,
,,,5.03000,148.0000E-3,
,,,5.04000,143.2000E-3,
,,,5.05000,146.4000E-3,
,,,5.06000,146.4000E-3,
,,,5.07000,150.40000E-3,
,,,5.08000,149.60000E-3,
,,,5.09000,148.0000E-3,
,,,5.10000,148.80000E-3,
,,,5.11000,148.80000E-3,
,,,5.12000,152.00000E-3,
,,,5.13000,152.00000E-3,
,,,5.14000,145.6000E-3,
,,,5.15000,150.40000E-3,
,,,5.16000,149.60000E-3,
,,,5.17000,150.40000E-3,
,,,5.18000,152.00000E-3,
,,,5.19000,149.60000E-3,
,,,5.20000,148.80000E-3,
,,,5.21000,148.80000E-3,
,,,5.22000,148.80000E-3,
,,,5.23000,151.20000E-3,
,,,5.24000,150.40000E-3,
,,,5.25000,148.80000E-3,
,,,5.26000,148.80000E-3,
,,,5.27000,152.00000E-3,
,,,5.28000,154.39999E-3,
,,,5.29000,152.79999E-3,
,,,5.30000,151.20000E-3,
,,,5.31000,151.20000E-3,
,,,5.32000,151.20000E-3,
,,,5.33000,154.39999E-3,
,,,5.34000,150.40000E-3,
,,,5.35000,152.79999E-3,
,,,5.36000,149.60000E-3,
,,,5.37000,152.00000E-3,
,,,5.38000,154.39999E-3,
,,,5.39000,149.60000E-3,
,,,5.40000,151.20000E-3,
,,,5.41000,152.00000E-3,
,,,5.42000,150.40000E-3,
,,,5.43000,153.59999E-3,
,,,5.44000,151.20000E-3,
,,,5.45000,152.00000E-3,
,,,5.46000,156.00000E-3,
,,,5.47000,152.79999E-3,
,,,5.48000,156.80000E-3,
,,,5.49000,153.59999E-3,
,,,5.50000,152.00000E-3,
,,,5.51000,153.59999E-3,
,,,5.52000,152.00000E-3,
,,,5.53000,156.80000E-3,
,,,5.54000,152.00000E-3,
,,,5.55000,154.39999E-3,
,,,5.56000,151.20000E-3,
,,,5.57000,153.59999E-3,
,,,5.58000,156.80000E-3,
,,,5.59000,152.00000E-3,
,,,5.60000,153.59999E-3,
,,,5.61000,152.79999E-3,
,,,5.62000,152.79999E-3,
,,,5.63000,154.39999E-3,
,,,5.64000,152.79999E-3,
,,,5.65000,154.39999E-3,
,,,5.66000,156.00000E-3,
,,,5.67000,153.59999E-3,
,,,5.68000,158.40000E-3,
,,,5.69000,153.59999E-3,
,,,5.70000,152.79999E-3,
,,,5.71000,152.79999E-3,
,,,5.72000,154.39999E-3,
,,,5.73000,158.40000E-3,
,,,5.74000,154.39999E-3,
,,,5.75000,154.39999E-3,
,,,5.76000,156.00000E-3,
,,,5.77000,155.19999E-3,
,,,5.78000,158.40000E-3,
,,,5.79000,154.39999E-3,
,,,5.80000,154.39999E-3,
,,,5.81000,152.79999E-3,
,,,5.82000,154.39999E-3,
,,,5.83000,157.60000E-3,
,,,5.84000,155.19999E-3,
,,,5.85000,156.80000E-3,
,,,5.86000,158.40000E-3,
,,,5.87000,156.00000E-3,
,,,5.88000,160.00000E-3,
,,,5.89000,154.39999E-3,
,,,5.90000,156.00000E-3,
,,,5.91000,154.39999E-3,
,,,5.92000,155.19999E-3,
,,,5.93000,158.40000E-3,
,,,5.94000,156.80000E-3,
,,,5.95000,159.20000E-3,
,,,5.96000,159.20000E-3,
,,,5.97000,163.99999E-3,
,,,5.98000,159.20000E-3,
,,,5.99000,156.00000E-3,
,,,6.00000,157.60000E-3,
,,,6.01000,156.80000E-3,
,,,6.02000,159.20000E-3,
,,,6.03000,159.20000E-3,
,,,6.04000,157.60000E-3,
,,,6.05000,159.20000E-3,
,,,6.06000,158.40000E-3,
,,,6.07000,159.20000E-3,
,,,6.08000,160.80000E-3,
,,,6.09000,160.00000E-3,
,,,6.10000,157.60000E-3,
,,,6.11000,160.80000E-3,
,,,6.12000,158.40000E-3,
,,,6.13000,164.80000E-3,
,,,6.14000,158.40000E-3,
,,,6.15000,160.00000E-3,
,,,6.16000,158.40000E-3,
,,,6.17000,160.80000E-3,
,,,6.18000,160.80000E-3,
,,,6.19000,157.60000E-3,
,,,6.20000,159.20000E-3,
,,,6.21000,159.20000E-3,
,,,6.22000,160.00000E-3,
,,,6.23000,161.59999E-3,
,,,6.24000,159.20000E-3,
,,,6.25000,160.80000E-3,
,,,6.26000,161.59999E-3,
,,,6.27000,160.00000E-3,
,,,6.28000,162.39999E-3,
,,,6.29000,159.20000E-3,
,,,6.30000,159.20000E-3,
,,,6.31000,160.80000E-3,
,,,6.32000,158.40000E-3,
,,,6.33000,163.99999E-3,
,,,6.34000,161.59999E-3,
,,,6.35000,161.59999E-3,
,,,6.36000,160.00000E-3,
,,,6.37000,160.00000E-3,
,,,6.38000,163.19999E-3,
,,,6.39000,160.00000E-3,
,,,6.40000,161.59999E-3,
,,,6.41000,157.60000E-3,
,,,6.42000,159.20000E-3,
,,,6.43000,165.60000E-3,
,,,6.44000,162.39999E-3,
,,,6.45000,165.60000E-3,
,,,6.46000,162.39999E-3,
,,,6.47000,162.39999E-3,
,,,6.48000,163.19999E-3,
,,,6.49000,159.20000E-3,
,,,6.50000,160.00000E-3,
,,,6.51000,159.20000E-3,
,,,6.52000,161.59999E-3,
,,,6.53000,165.60000E-3,
,,,6.54000,162.39999E-3,
,,,6.55000,163.19999E-3,
,,,6.56000,162.39999E-3,
,,,6.57000,161.59999E-3,
,,,6.58000,163.19999E-3,
,,,6.59000,161.59999E-3,
,,,6.60000,159.20000E-3,
,,,6.61000,160.80000E-3,
,,,6.62000,155.19999E-3,
,,,6.63000,163.19999E-3,
,,,6.64000,161.59999E-3,
,,,6.65000,163.19999E-3,
,,,6.66000,158.40000E-3,
,,,6.67000,160.80000E-3,
,,,6.68000,162.39999E-3,
,,,6.69000,158.40000E-3,
,,,6.70000,160.80000E-3,
,,,6.71000,163.19999E-3,
,,,6.72000,162.39999E-3,
,,,6.73000,166.40000E-3,
,,,6.74000,162.39999E-3,
,,,6.75000,163.99999E-3,
,,,6.76000,160.80000E-3,
,,,6.77000,163.19999E-3,
,,,6.78000,164.80000E-3,
,,,6.79000,161.59999E-3,
,,,6.80000,163.99999E-3,
,,,6.81000,162.39999E-3,
,,,6.82000,163.99999E-3,
,,,6.83000,165.60000E-3,
,,,6.84000,167.20000E-3,
,,,6.85000,163.99999E-3,
,,,6.86000,161.59999E-3,
,,,6.87000,163.19999E-3,
,,,6.88000,163.99999E-3,
,,,6.89000,162.39999E-3,
,,,6.90000,163.19999E-3,
,,,6.91000,162.39999E-3,
,,,6.92000,166.40000E-3,
,,,6.93000,168.00000E-3,
,,,6.94000,161.59999E-3,
,,,6.95000,166.40000E-3,
,,,6.96000,163.99999E-3,
,,,6.97000,165.60000E-3,
,,,6.98000,166.40000E-3,
,,,6.99000,163.99999E-3,
,,,7.00000,163.99999E-3,
,,,7.01000,165.60000E-3,
,,,7.02000,168.00000E-3,
,,,7.03000,168.00000E-3,
,,,7.04000,166.40000E-3,
,,,7.05000,166.40000E-3,
,,,7.06000,160.80000E-3,
,,,7.07000,164.80000E-3,
,,,7.08000,165.60000E-3,
,,,7.09000,162.39999E-3,
,,,7.10000,165.60000E-3,
,,,7.11000,162.39999E-3,
,,,7.12000,164.80000E-3,
,,,7.13000,168.00000E-3,
,,,7.14000,166.40000E-3,
,,,7.15000,168.00000E-3,
,,,7.16000,163.99999E-3,
,,,7.17000,165.60000E-3,
,,,7.18000,168.00000E-3,
,,,7.19000,163.99999E-3,
,,,7.20000,165.60000E-3,
,,,7.21000,167.20000E-3,
,,,7.22000,168.00000E-3,
,,,7.23000,170.39999E-3,
,,,7.24000,166.40000E-3,
,,,7.25000,163.99999E-3,
,,,7.26000,163.19999E-3,
,,,7.27000,164.80000E-3,
,,,7.28000,165.60000E-3,
,,,7.29000,162.39999E-3,
,,,7.30000,168.00000E-3,
,,,7.31000,163.99999E-3,
,,,7.32000,169.60000E-3,
,,,7.33000,170.39999E-3,
,,,7.34000,167.20000E-3,
,,,7.35000,165.60000E-3,
,,,7.36000,164.80000E-3,
,,,7.37000,165.60000E-3,
,,,7.38000,171.99999E-3,
,,,7.390000,168.00000E-3,
,,,7.400000,168.00000E-3,
,,,7.410000,167.20000E-3,
,,,7.420000,169.60000E-3,
,,,7.430000,171.19999E-3,
,,,7.440000,166.40000E-3,
,,,7.450000,165.60000E-3,
,,,7.460000,162.39999E-3,
,,,7.470000,164.80000E-3,
,,,7.480000,168.00000E-3,
,,,7.490000,165.60000E-3,
,,,7.500000,167.20000E-3,
,,,7.510000,166.40000E-3,
,,,7.520000,168.80000E-3,
,,,7.530000,172.79999E-3,
,,,7.540000,168.80000E-3,
,,,7.550000,171.19999E-3,
,,,7.560000,167.20000E-3,
,,,7.570000,168.80000E-3,
,,,7.580000,170.39999E-3,
,,,7.590000,168.80000E-3,
,,,7.600000,171.19999E-3,
,,,7.610000,168.00000E-3,
,,,7.620000,171.19999E-3,
,,,7.630000,171.19999E-3,
,,,7.640000,166.40000E-3,
,,,7.650000,168.00000E-3,
,,,7.660000,164.80000E-3,
,,,7.670000,165.60000E-3,
,,,7.680000,168.80000E-3,
,,,7.690000,167.20000E-3,
,,,7.700000,168.80000E-3,
,,,7.710000,168.00000E-3,
,,,7.720000,170.39999E-3,
,,,7.730000,174.40000E-3,
,,,7.740000,169.60000E-3,
,,,7.750000,171.19999E-3,
,,,7.760000,168.80000E-3,
,,,7.770000,168.80000E-3,
,,,7.780000,173.59999E-3,
,,,7.790000,170.39999E-3,
,,,7.800000,171.99999E-3,
,,,7.810000,168.80000E-3,
,,,7.820000,171.19999E-3,
,,,7.830000,169.60000E-3,
,,,7.840000,167.20000E-3,
,,,7.850000,168.00000E-3,
,,,7.860000,163.99999E-3,
,,,7.870000,171.99999E-3,
,,,7.880000,170.39999E-3,
,,,7.890000,170.39999E-3,
,,,7.900000,166.40000E-3,
,,,7.910000,168.80000E-3,
,,,7.920000,171.99999E-3,
,,,7.930000,173.59999E-3,
,,,7.940000,172.79999E-3,
,,,7.950000,170.39999E-3,
,,,7.960000,170.39999E-3,
,,,7.970000,175.20000E-3,
,,,7.980000,176.00000E-3,
,,,7.990000,173.59999E-3,
,,,8.000000,173.59999E-3,
,,,8.010000,173.59999E-3,
,,,8.020000,171.19999E-3,
,,,8.030000,172.79999E-3,
,,,8.040000,168.80000E-3,
,,,8.050000,169.60000E-3,
,,,8.059999,168.00000E-3,
,,,8.070000,169.60000E-3,
,,,8.080000,174.40000E-3,
,,,8.090000,176.00000E-3,
,,,8.099999,176.00000E-3,
,,,8.110000,172.79999E-3,
,,,8.120000,175.20000E-3,
,,,8.130000,176.00000E-3,
,,,8.139999,173.59999E-3,
,,,8.150000,172.79999E-3,
,,,8.160000,169.60000E-3,
,,,8.170000,171.19999E-3,
,,,8.179999,174.40000E-3,
,,,8.190000,172.79999E-3,
,,,8.200000,176.00000E-3,
,,,8.210000,173.59999E-3,
,,,8.220000,170.39999E-3,
,,,8.230000,170.39999E-3,
,,,8.240000,168.80000E-3,
,,,8.250000,168.80000E-3,
,,,8.260000,168.00000E-3,
,,,8.270000,168.00000E-3,
,,,8.280000,172.79999E-3,
,,,8.290000,170.39999E-3,
,,,8.300000,171.99999E-3,
,,,8.309999,171.99999E-3,
,,,8.320000,173.59999E-3,
,,,8.330000,176.80000E-3,
,,,8.340000,172.79999E-3,
,,,8.349999,171.99999E-3,
,,,8.360000,171.99999E-3,
,,,8.370000,173.59999E-3,
,,,8.380000,177.60000E-3,
,,,8.389999,173.59999E-3,
,,,8.400000,173.59999E-3,
,,,8.410000,167.20000E-3,
,,,8.420000,168.80000E-3,
,,,8.429999,169.60000E-3,
,,,8.440000,167.20000E-3,
,,,8.450000,172.79999E-3,
,,,8.460000,168.00000E-3,
,,,8.470000,171.19999E-3,
,,,8.480000,174.40000E-3,
,,,8.490000,175.20000E-3,
,,,8.500000,173.59999E-3,
,,,8.510000,177.60000E-3,
,,,8.520000,171.99999E-3,
,,,8.530000,175.20000E-3,
,,,8.540000,171.19999E-3,
,,,8.550000,173.59999E-3,
,,,8.559999,172.79999E-3,
,,,8.570000,175.20000E-3,
,,,8.580000,174.40000E-3,
,,,8.590000,176.00000E-3,
,,,8.599999,170.39999E-3,
,,,8.610000,171.99999E-3,
,,,8.620000,167.20000E-3,
,,,8.630000,172.79999E-3,
,,,8.639999,171.19999E-3,
,,,8.650000,169.60000E-3,
,,,8.660000,168.00000E-3,
,,,8.670000,168.80000E-3,
,,,8.679999,177.60000E-3,
,,,8.690000,172.79999E-3,
,,,8.700000,174.40000E-3,
,,,8.710000,171.99999E-3,
,,,8.720000,173.59999E-3,
,,,8.730000,177.60000E-3,
,,,8.740000,173.59999E-3,
,,,8.750000,173.59999E-3,
,,,8.760000,172.79999E-3,
,,,8.770000,178.39999E-3,
,,,8.780000,176.80000E-3,
,,,8.790000,175.20000E-3,
,,,8.800000,173.59999E-3,
,,,8.809999,170.39999E-3,
,,,8.820000,171.19999E-3,
,,,8.830000,173.59999E-3,
,,,8.840000,169.60000E-3,
,,,8.849999,171.99999E-3,
,,,8.860000,170.39999E-3,
,,,8.870000,170.39999E-3,
,,,8.880000,181.59999E-3,
,,,8.889999,176.80000E-3,
,,,8.900000,178.39999E-3,
,,,8.910000,171.99999E-3,
,,,8.920000,175.20000E-3,
,,,8.929999,177.60000E-3,
,,,8.940000,176.00000E-3,
,,,8.950000,176.80000E-3,
,,,8.960000,176.00000E-3,
,,,8.970000,176.80000E-3,
,,,8.980000,179.99999E-3,
,,,8.990000,175.20000E-3,
,,,9.000000,171.19999E-3,
,,,9.010000,171.19999E-3,
,,,9.020000,171.19999E-3,
,,,9.030000,176.00000E-3,
,,,9.040000,173.59999E-3,
,,,9.050000,173.59999E-3,
,,,9.059999,173.59999E-3,
,,,9.070000,172.79999E-3,
,,,9.080000,179.99999E-3,
,,,9.090000,173.59999E-3,
,,,9.099999,176.00000E-3,
,,,9.110000,174.40000E-3,
,,,9.120000,175.20000E-3,
,,,9.130000,179.99999E-3,
,,,9.139999,174.40000E-3,
,,,9.150000,178.39999E-3,
,,,9.160000,174.40000E-3,
,,,9.170000,179.99999E-3,
,,,9.179999,176.80000E-3,
,,,9.190000,170.39999E-3,
,,,9.200000,172.79999E-3,
,,,9.210000,170.39999E-3,
,,,9.220000,171.99999E-3,
,,,9.230000,175.20000E-3,
,,,9.240000,171.99999E-3,
,,,9.250000,176.00000E-3,
,,,9.260000,174.40000E-3,
,,,9.270000,177.60000E-3,
,,,9.280000,179.99999E-3,
,,,9.290000,175.20000E-3,
,,,9.300000,176.80000E-3,
,,,9.309999,176.80000E-3,
,,,9.320000,178.39999E-3,
,,,9.330000,176.80000E-3,
,,,9.340000,175.20000E-3,
,,,9.349999,178.39999E-3,
,,,9.360000,178.39999E-3,
,,,9.370000,177.60000E-3,
,,,9.380000,178.39999E-3,
,,,9.389999,174.40000E-3,
,,,9.400000,172.79999E-3,
,,,9.410000,167.20000E-3,
,,,9.420000,171.99999E-3,
,,,9.429999,175.20000E-3,
,,,9.440000,174.40000E-3,
,,,9.450000,177.60000E-3,
,,,9.460000,176.80000E-3,
,,,9.469999,179.19999E-3,
,,,9.480000,180.79999E-3,
,,,9.490000,175.20000E-3,
,,,9.500000,176.00000E-3,
,,,9.510000,176.80000E-3,
,,,9.520000,176.80000E-3,
,,,9.530000,179.99999E-3,
,,,9.540000,180.79999E-3,
,,,9.550000,178.39999E-3,
,,,9.559999,178.39999E-3,
,,,9.570000,179.19999E-3,
,,,9.580000,176.80000E-3,
,,,9.590000,173.59999E-3,
,,,9.599999,173.59999E-3,
,,,9.610000,169.60000E-3,
,,,9.620000,174.40000E-3,
,,,9.630000,176.80000E-3,
,,,9.639999,172.79999E-3,
,,,9.650000,179.99999E-3,
,,,9.660000,179.99999E-3,
,,,9.670000,180.79999E-3,
,,,9.679999,182.39999E-3,
,,,9.690000,179.19999E-3,
,,,9.700000,182.39999E-3,
,,,9.710000,177.60000E-3,
,,,9.719999,179.19999E-3,
,,,9.730000,183.20000E-3,
,,,9.740000,179.99999E-3,
,,,9.750000,181.59999E-3,
,,,9.760000,177.60000E-3,
,,,9.770000,176.80000E-3,
,,,9.780000,178.39999E-3,
,,,9.790000,172.79999E-3,
,,,9.800000,178.39999E-3,
,,,9.809999,171.99999E-3,
,,,9.820000,178.39999E-3,
,,,9.830000,183.20000E-3,
,,,9.840000,178.39999E-3,
,,,9.849999,182.39999E-3,
,,,9.860000,179.99999E-3,
,,,9.870000,186.40000E-3,
,,,9.880000,179.99999E-3,
,,,9.889999,184.00000E-3,
,,,9.900000,178.39999E-3,
,,,9.910000,184.00000E-3,
,,,9.920000,179.19999E-3,
,,,9.929999,185.60000E-3,
,,,9.940000,172.79999E-3,
,,,9.950000,184.80000E-3,
,,,9.960000,177.60000E-3,
,,,9.969999,179.99999E-3,
,,,9.980000,177.60000E-3,
,,,9.990000,174.40000E-3,
,,,10.0000,175.20000E-3,
,,,10.0100,171.99999E-3,
,,,10.0200,179.99999E-3,
,,,10.0300,179.19999E-3,
,,,10.0400,177.60000E-3,
,,,10.0500,185.60000E-3,
,,,10.0600,180.79999E-3,
,,,10.0700,182.39999E-3,
,,,10.0800,184.00000E-3,
,,,10.0900,182.39999E-3,
,,,10.1000,180.79999E-3,
,,,10.1100,179.19999E-3,
,,,10.1200,181.59999E-3,
,,,10.1300,181.59999E-3,
,,,10.1400,184.00000E-3,
,,,10.1500,186.40000E-3,
,,,10.1600,179.19999E-3,
,,,10.1700,178.39999E-3,
,,,10.1800,176.00000E-3,
,,,10.1900,172.79999E-3,
,,,10.2000,176.00000E-3,
,,,10.2100,173.59999E-3,
,,,10.2200,176.80000E-3,
,,,10.2300,182.39999E-3,
,,,10.2400,179.99999E-3,
,,,10.2500,182.39999E-3,
,,,10.2600,172.79999E-3,
,,,10.2700,180.79999E-3,
,,,10.2800,184.00000E-3,
,,,10.2900,179.19999E-3,
,,,10.3000,184.00000E-3,
,,,10.3100,179.99999E-3,
,,,10.3200,183.20000E-3,
,,,10.3300,184.00000E-3,
,,,10.3400,183.20000E-3,
,,,10.3500,185.60000E-3,
,,,10.3600,175.20000E-3,
,,,10.3700,179.19999E-3,
,,,10.3800,179.19999E-3,
,,,10.3900,176.80000E-3,
,,,10.4000,177.60000E-3,
,,,10.4100,177.60000E-3,
,,,10.4200,181.59999E-3,
,,,10.4300,184.80000E-3,
,,,10.4400,182.39999E-3,
,,,10.4500,186.40000E-3,
,,,10.4600,179.19999E-3,
,,,10.4700,184.00000E-3,
,,,10.4800,183.20000E-3,
,,,10.4900,181.59999E-3,
,,,10.5000,184.80000E-3,
,,,10.5100,179.19999E-3,
,,,10.5200,185.60000E-3,
,,,10.5300,182.39999E-3,
,,,10.5400,183.20000E-3,
,,,10.5500,183.20000E-3,
,,,10.5600,174.40000E-3,
,,,10.5700,178.39999E-3,
,,,10.5800,177.60000E-3,
,,,10.5900,173.59999E-3,
,,,10.6000,181.59999E-3,
,,,10.6100,178.39999E-3,
,,,10.6200,184.00000E-3,
,,,10.6300,184.80000E-3,
,,,10.6400,184.80000E-3,
,,,10.6500,185.60000E-3,
,,,10.6600,180.79999E-3,
,,,10.6700,185.60000E-3,
,,,10.6800,181.59999E-3,
,,,10.6900,181.59999E-3,
,,,10.7000,185.60000E-3,
,,,10.7100,182.39999E-3,
,,,10.7200,186.40000E-3,
,,,10.7300,185.60000E-3,
,,,10.7400,182.39999E-3,
,,,10.7500,180.79999E-3,
,,,10.7600,172.79999E-3,
,,,10.7700,176.80000E-3,
,,,10.7800,176.00000E-3,
,,,10.7900,179.19999E-3,
,,,10.8000,183.20000E-3,
,,,10.8100,178.39999E-3,
,,,10.8200,180.79999E-3,
,,,10.8300,184.00000E-3,
,,,10.8400,182.39999E-3,
,,,10.8500,185.60000E-3,
,,,10.8600,179.19999E-3,
,,,10.8700,184.00000E-3,
,,,10.8800,180.79999E-3,
,,,10.8900,182.39999E-3,
,,,10.9000,186.40000E-3,
,,,10.9100,179.99999E-3,
,,,10.9200,184.00000E-3,
,,,10.9300,184.80000E-3,
,,,10.9400,178.39999E-3,
,,,10.9500,180.79999E-3,
,,,10.9600,174.40000E-3,
,,,10.9700,175.20000E-3,
,,,10.9800,178.39999E-3,
,,,10.9900,179.99999E-3,
,,,11.0000,182.39999E-3,
,,,11.0100,181.59999E-3,
,,,11.0200,184.00000E-3,
,,,11.0300,182.39999E-3,
,,,11.0400,180.79999E-3,
,,,11.0500,187.19999E-3,
,,,11.0600,179.99999E-3,
,,,11.0700,184.00000E-3,
,,,11.0800,179.19999E-3,
,,,11.0900,182.39999E-3,
,,,11.1000,189.59999E-3,
,,,11.1100,179.99999E-3,
,,,11.1200,181.59999E-3,
,,,11.1300,184.00000E-3,
,,,11.1400,178.39999E-3,
,,,11.1500,173.59999E-3,
,,,11.1600,176.00000E-3,
,,,11.1700,176.80000E-3,
,,,11.1800,179.19999E-3,
,,,11.1900,182.39999E-3,
,,,11.2000,186.40000E-3,
,,,11.2100,182.39999E-3,
,,,11.2200,187.99999E-3,
,,,11.2300,186.40000E-3,
,,,11.2400,182.39999E-3,
,,,11.2500,185.60000E-3,
,,,11.2600,179.19999E-3,
,,,11.2700,182.39999E-3,
,,,11.2800,181.59999E-3,
,,,11.2900,184.80000E-3,
,,,11.3000,186.40000E-3,
,,,11.3100,182.39999E-3,
,,,11.3200,184.00000E-3,
,,,11.3300,181.59999E-3,
,,,11.3400,177.60000E-3,
,,,11.3500,181.59999E-3,
,,,11.3600,176.00000E-3,
,,,11.3700,176.00000E-3,
,,,11.3800,178.39999E-3,
,,,11.3900,184.00000E-3,
,,,11.4000,185.60000E-3,
,,,11.4100,182.39999E-3,
,,,11.4200,187.19999E-3,
,,,11.4300,183.20000E-3,
,,,11.4400,180.79999E-3,
,,,11.4500,184.00000E-3,
,,,11.4600,178.39999E-3,
,,,11.4700,182.39999E-3,
,,,11.4800,184.00000E-3,
,,,11.4900,181.59999E-3,
,,,11.5000,188.79999E-3,
,,,11.5100,179.99999E-3,
,,,11.5200,182.39999E-3,
,,,11.5300,178.39999E-3,
,,,11.5400,176.80000E-3,
,,,11.5500,179.19999E-3,
,,,11.5600,173.59999E-3,
,,,11.5700,178.39999E-3,
,,,11.5800,179.99999E-3,
,,,11.5900,179.99999E-3,
,,,11.6000,187.19999E-3,
,,,11.6100,179.19999E-3,
,,,11.6200,183.20000E-3,
,,,11.6300,183.20000E-3,
,,,11.6400,180.79999E-3,
,,,11.6500,184.00000E-3,
,,,11.6600,176.80000E-3,
,,,11.6700,182.39999E-3,
,,,11.6800,186.40000E-3,
,,,11.6900,184.00000E-3,
,,,11.7000,190.39999E-3,
,,,11.7100,180.79999E-3,
,,,11.7200,182.39999E-3,
,,,11.7300,179.19999E-3,
,,,11.7400,177.60000E-3,
,,,11.7500,184.00000E-3,
,,,11.7600,176.80000E-3,
,,,11.7700,178.39999E-3,
,,,11.7800,184.80000E-3,
,,,11.7900,179.19999E-3,
,,,11.8000,187.99999E-3,
,,,11.8100,180.79999E-3,
,,,11.8200,185.60000E-3,
,,,11.8300,184.80000E-3,
,,,11.8400,179.19999E-3,
,,,11.8500,184.80000E-3,
,,,11.8600,180.79999E-3,
,,,11.8700,183.20000E-3,
,,,11.8800,192.00000E-3,
,,,11.8900,187.19999E-3,
,,,11.9000,187.19999E-3,
,,,11.9100,179.99999E-3,
,,,11.9200,175.20000E-3,
,,,11.9300,179.19999E-3,
,,,11.9400,178.39999E-3,
,,,11.9500,179.99999E-3,
,,,11.9600,178.39999E-3,
,,,11.9700,179.99999E-3,
,,,11.9800,184.80000E-3,
,,,11.9900,184.00000E-3,
,,,12.0000,191.19999E-3,
,,,12.0100,184.80000E-3,
,,,12.0200,185.60000E-3,
,,,12.0300,186.40000E-3,
,,,12.0400,181.59999E-3,
,,,12.0500,185.60000E-3,
,,,12.0600,184.00000E-3,
,,,12.0700,187.19999E-3,
,,,12.0800,188.79999E-3,
,,,12.0900,190.39999E-3,
,,,12.1000,188.79999E-3,
,,,12.1100,185.60000E-3,
,,,12.1200,181.59999E-3,
,,,12.1300,181.59999E-3,
,,,12.1400,179.19999E-3,
,,,12.1500,185.60000E-3,
,,,12.1600,179.99999E-3,
,,,12.1700,185.60000E-3,
,,,12.1800,185.60000E-3,
,,,12.1900,186.40000E-3,
,,,12.2000,192.80000E-3,
,,,12.2100,184.00000E-3,
,,,12.2200,188.79999E-3,
,,,12.2300,187.99999E-3,
,,,12.2400,188.79999E-3,
,,,12.2500,188.79999E-3,
,,,12.2600,187.99999E-3,
,,,12.2700,187.19999E-3,
,,,12.2800,190.39999E-3,
,,,12.2900,185.60000E-3,
,,,12.3000,190.39999E-3,
,,,12.3100,179.99999E-3,
,,,12.3200,182.39999E-3,
,,,12.3300,179.99999E-3,
,,,12.3400,180.79999E-3,
,,,12.3500,184.80000E-3,
,,,12.3600,179.99999E-3,
,,,12.3700,185.60000E-3,
,,,12.3800,187.19999E-3,
,,,12.3900,184.80000E-3,
,,,12.4000,192.00000E-3,
,,,12.4100,185.60000E-3,
,,,12.4200,186.40000E-3,
,,,12.4300,187.19999E-3,
,,,12.4400,184.80000E-3,
,,,12.4500,190.39999E-3,
,,,12.4600,186.40000E-3,
,,,12.4700,187.99999E-3,
,,,12.4800,185.60000E-3,
,,,12.4900,182.39999E-3,
,,,12.5000,187.19999E-3,
,,,12.5100,179.19999E-3,
,,,12.5200,180.79999E-3,
,,,12.5300,183.20000E-3,
,,,12.5400,181.59999E-3,
,,,12.5500,187.99999E-3,
,,,12.5600,181.59999E-3,
,,,12.5700,185.60000E-3,
,,,12.5800,190.39999E-3,
,,,12.5900,186.40000E-3,
,,,12.6000,192.80000E-3,
,,,12.6100,184.00000E-3,
,,,12.6200,187.19999E-3,
,,,12.6300,184.00000E-3,
,,,12.6400,184.80000E-3,
,,,12.6500,190.39999E-3,
,,,12.6600,186.40000E-3,
,,,12.6700,188.79999E-3,
,,,12.6800,188.79999E-3,
,,,12.6900,189.59999E-3,
,,,12.7000,185.60000E-3,
,,,12.7100,179.99999E-3,
,,,12.7200,182.39999E-3,
,,,12.7300,174.40000E-3,
,,,12.7400,180.79999E-3,
,,,12.7500,187.99999E-3,
,,,12.7600,181.59999E-3,
,,,12.7700,189.59999E-3,
,,,12.7800,190.39999E-3,
,,,12.7900,188.79999E-3,
,,,12.8000,190.39999E-3,
,,,12.8100,185.60000E-3,
,,,12.8200,184.00000E-3,
,,,12.8300,187.19999E-3,
,,,12.8400,186.40000E-3,
,,,12.8500,186.40000E-3,
,,,12.8600,187.19999E-3,
,,,12.8700,187.99999E-3,
,,,12.8800,186.40000E-3,
,,,12.8900,183.20000E-3,
,,,12.9000,185.60000E-3,
,,,12.9100,179.19999E-3,
,,,12.9200,179.19999E-3,
,,,12.9300,184.00000E-3,
,,,12.9400,182.39999E-3,
,,,12.9500,188.79999E-3,
,,,12.9600,186.40000E-3,
,,,12.9700,186.40000E-3,
,,,12.9800,192.00000E-3,
,,,12.9900,190.39999E-3,
,,,13.0000,191.19999E-3,
,,,13.0100,185.60000E-3,
,,,13.0200,190.39999E-3,
,,,13.0300,192.80000E-3,
,,,13.0400,187.19999E-3,
,,,13.0500,191.19999E-3,
,,,13.0600,189.59999E-3,
,,,13.0700,192.80000E-3,
,,,13.0800,188.79999E-3,
,,,13.0900,183.20000E-3,
,,,13.1000,187.19999E-3,
,,,13.1100,182.39999E-3,
,,,13.1200,185.60000E-3,
,,,13.1300,184.80000E-3,
,,,13.1400,186.40000E-3,
,,,13.1500,189.59999E-3,
,,,13.1600,186.40000E-3,
,,,13.1700,190.39999E-3,
,,,13.1800,192.00000E-3,
,,,13.1900,188.79999E-3,
,,,13.2000,190.39999E-3,
,,,13.2100,192.80000E-3,
,,,13.2200,187.19999E-3,
,,,13.2300,190.39999E-3,
,,,13.2400,187.19999E-3,
,,,13.2500,195.20000E-3,
,,,13.2600,186.40000E-3,
,,,13.2700,188.79999E-3,
,,,13.2800,184.80000E-3,
,,,13.2900,184.00000E-3,
,,,13.3000,185.60000E-3,
,,,13.3100,182.39999E-3,
,,,13.3200,185.60000E-3,
,,,13.3300,185.60000E-3,
,,,13.3400,183.20000E-3,
,,,13.3500,194.40000E-3,
,,,13.3600,186.40000E-3,
,,,13.3700,192.00000E-3,
,,,13.3800,188.79999E-3,
,,,13.3900,188.79999E-3,
,,,13.4000,187.99999E-3,
,,,13.4100,186.40000E-3,
,,,13.4200,187.99999E-3,
,,,13.4300,191.19999E-3,
,,,13.4400,190.39999E-3,
,,,13.4500,197.59999E-3,
,,,13.4600,187.99999E-3,
,,,13.4700,183.20000E-3,
,,,13.4800,185.60000E-3,
,,,13.4900,181.59999E-3,
,,,13.5000,182.39999E-3,
,,,13.5100,180.79999E-3,
,,,13.5200,188.79999E-3,
,,,13.5300,186.40000E-3,
,,,13.5400,187.99999E-3,
,,,13.5500,191.19999E-3,
,,,13.5600,188.79999E-3,
,,,13.5700,190.39999E-3,
,,,13.5800,191.19999E-3,
,,,13.5900,189.59999E-3,
,,,13.6000,190.39999E-3,
,,,13.6100,189.59999E-3,
,,,13.6200,188.79999E-3,
,,,13.6300,191.19999E-3,
,,,13.6400,184.80000E-3,
,,,13.6500,192.00000E-3,
,,,13.6600,185.60000E-3,
,,,13.6700,187.99999E-3,
,,,13.6800,185.60000E-3,
,,,13.6900,184.80000E-3,
,,,13.7000,185.60000E-3,
,,,13.7100,177.60000E-3,
,,,13.7200,181.59999E-3,
,,,13.7300,191.19999E-3,
,,,13.7400,179.99999E-3,
,,,13.7500,200.80000E-3,
,,,13.7600,179.19999E-3,
,,,13.7700,193.60000E-3,
,,,13.7800,186.40000E-3,
,,,13.7900,190.39999E-3,
,,,13.8000,192.80000E-3,
,,,13.8100,184.80000E-3,
,,,13.8200,187.19999E-3,
,,,13.8300,184.80000E-3,
,,,13.8400,185.60000E-3,
,,,13.8500,191.19999E-3,
,,,13.8600,187.99999E-3,
,,,13.8700,179.99999E-3,
,,,13.8800,184.00000E-3,
,,,13.8900,181.59999E-3,
,,,13.9000,185.60000E-3,
,,,13.9100,181.59999E-3,
,,,13.9200,184.00000E-3,
,,,13.9300,187.19999E-3,
,,,13.9400,185.60000E-3,
,,,13.9500,195.99999E-3,
,,,13.9600,190.39999E-3,
,,,13.9700,188.79999E-3,
,,,13.9800,188.79999E-3,
,,,13.9900,184.00000E-3,
,,,14.0000,189.59999E-3,
,,,14.0100,189.59999E-3,
,,,14.0200,187.19999E-3,
,,,14.0300,189.59999E-3,
,,,14.0400,188.79999E-3,
,,,14.0500,191.19999E-3,
,,,14.0600,184.00000E-3,
,,,14.0700,182.39999E-3,
,,,14.0800,181.59999E-3,
,,,14.0900,183.20000E-3,
,,,14.1000,186.40000E-3,
,,,14.1100,180.79999E-3,
,,,14.1200,185.60000E-3,
,,,14.1300,186.40000E-3,
,,,14.1400,190.39999E-3,
,,,14.1500,194.40000E-3,
,,,14.1600,186.40000E-3,
,,,14.1700,189.59999E-3,
,,,14.1800,186.40000E-3,
,,,14.1900,187.99999E-3,
,,,14.2000,192.80000E-3,
,,,14.2100,197.59999E-3,
,,,14.2200,190.39999E-3,
,,,14.2300,188.79999E-3,
,,,14.2400,190.39999E-3,
,,,14.2500,188.79999E-3,
,,,14.2600,186.40000E-3,
,,,14.2700,182.39999E-3,
,,,14.2800,186.40000E-3,
,,,14.2900,182.39999E-3,
,,,14.3000,195.99999E-3,
,,,14.3100,187.99999E-3,
,,,14.3200,191.19999E-3,
,,,14.3300,188.79999E-3,
,,,14.3400,190.39999E-3,
,,,14.3500,194.40000E-3,
,,,14.3600,184.80000E-3,
,,,14.3700,192.80000E-3,
,,,14.3800,185.60000E-3,
,,,14.3900,190.39999E-3,
,,,14.4000,190.39999E-3,
,,,14.4100,187.99999E-3,
,,,14.4200,191.19999E-3,
,,,14.4300,191.19999E-3,
,,,14.4400,187.99999E-3,
,,,14.4500,187.99999E-3,
,,,14.4600,185.60000E-3,
,,,14.4700,185.60000E-3,
,,,14.4800,183.20000E-3,
,,,14.4900,186.40000E-3,
,,,14.5000,186.40000E-3,
,,,14.5100,188.79999E-3,
,,,14.5200,189.59999E-3,
,,,14.5300,190.39999E-3,
,,,14.5400,201.60000E-3,
,,,14.5500,196.79999E-3,
,,,14.5600,183.20000E-3,
,,,14.5700,199.19999E-3,
,,,14.5800,194.40000E-3,
,,,14.5900,188.79999E-3,
,,,14.6000,193.60000E-3,
,,,14.6100,187.99999E-3,
,,,14.6200,192.80000E-3,
,,,14.6300,193.60000E-3,
,,,14.6400,189.59999E-3,
,,,14.6500,192.00000E-3,
,,,14.6600,190.39999E-3,
,,,14.6700,187.99999E-3,
,,,14.6800,187.99999E-3,
,,,14.6900,188.79999E-3,
,,,14.7000,189.59999E-3,
,,,14.7100,186.40000E-3,
,,,14.7200,190.39999E-3,
,,,14.7300,193.60000E-3,
,,,14.7400,189.59999E-3,
,,,14.7500,193.60000E-3,
,,,14.7600,184.80000E-3,
,,,14.7700,187.99999E-3,
,,,14.7800,187.99999E-3,
,,,14.7900,189.59999E-3,
,,,14.8000,195.99999E-3,
,,,14.8100,189.59999E-3,
,,,14.8200,194.40000E-3,
,,,14.8300,191.19999E-3,
,,,14.8400,188.79999E-3,
,,,14.8500,191.19999E-3,
,,,14.8600,190.39999E-3,
,,,14.8700,189.59999E-3,
,,,14.8800,190.39999E-3,
,,,14.8900,192.80000E-3,
,,,14.9000,196.79999E-3,
,,,14.9100,191.19999E-3,
,,,14.9200,196.79999E-3,
,,,14.9300,192.00000E-3,
,,,14.9400,191.19999E-3,
,,,14.9500,192.00000E-3,
,,,14.9600,184.00000E-3,
,,,14.9700,185.60000E-3,
,,,14.9800,187.99999E-3,
,,,14.9900,185.60000E-3,
,,,15.0000,182.39999E-3,
,,,15.0100,187.19999E-3,
,,,15.0200,192.80000E-3,
,,,15.0300,192.80000E-3,
,,,15.0400,192.00000E-3,
,,,15.0500,190.39999E-3,
,,,15.0600,189.59999E-3,
,,,15.0700,187.99999E-3,
,,,15.0800,187.99999E-3,
,,,15.0900,188.79999E-3,
,,,15.1000,197.59999E-3,
,,,15.1100,195.20000E-3,
,,,15.1200,192.00000E-3,
,,,15.1300,192.00000E-3,
,,,15.1400,189.59999E-3,
,,,15.1500,189.59999E-3,
,,,15.1600,186.40000E-3,
,,,15.1700,185.60000E-3,
,,,15.1800,192.00000E-3,
,,,15.1900,191.19999E-3,
,,,15.2000,195.99999E-3,
,,,15.2100,192.00000E-3,
,,,15.2200,190.39999E-3,
,,,15.2300,193.60000E-3,
,,,15.2400,188.79999E-3,
,,,15.2500,193.60000E-3,
,,,15.2600,185.60000E-3,
,,,15.2700,188.79999E-3,
,,,15.2800,194.40000E-3,
,,,15.2900,191.19999E-3,
,,,15.3000,195.20000E-3,
,,,15.3100,193.60000E-3,
,,,15.3200,192.80000E-3,
,,,15.3300,192.80000E-3,
,,,15.3400,189.59999E-3,
,,,15.3500,188.79999E-3,
,,,15.3600,184.80000E-3,
,,,15.3700,185.60000E-3,
,,,15.3800,191.19999E-3,
,,,15.3900,190.39999E-3,
,,,15.4000,199.19999E-3,
,,,15.4100,190.39999E-3,
,,,15.4200,190.39999E-3,
,,,15.4300,192.00000E-3,
,,,15.4400,191.19999E-3,
,,,15.4500,195.20000E-3,
,,,15.4600,190.39999E-3,
,,,15.4700,195.20000E-3,
,,,15.4800,192.80000E-3,
,,,15.4900,192.80000E-3,
,,,15.5000,195.20000E-3,
,,,15.5100,183.20000E-3,
,,,15.5200,192.80000E-3,
,,,15.5300,190.39999E-3,
,,,15.5400,191.19999E-3,
,,,15.5500,194.40000E-3,
,,,15.5600,190.39999E-3,
,,,15.5700,192.00000E-3,
,,,15.5800,190.39999E-3,
,,,15.5900,195.99999E-3,
,,,15.6000,195.20000E-3,
,,,15.6100,192.80000E-3,
,,,15.6200,194.40000E-3,
,,,15.6300,192.80000E-3,
,,,15.6400,192.00000E-3,
,,,15.6500,195.20000E-3,
,,,15.6600,194.40000E-3,
,,,15.6700,193.60000E-3,
,,,15.6800,197.59999E-3,
,,,15.6900,196.79999E-3,
,,,15.7000,198.39999E-3,
,,,15.7100,192.80000E-3,
,,,15.7200,196.79999E-3,
,,,15.7300,192.80000E-3,
,,,15.7400,192.80000E-3,
,,,15.7500,190.39999E-3,
,,,15.7600,190.39999E-3,
,,,15.7700,195.20000E-3,
,,,15.7800,182.39999E-3,
,,,15.7900,195.20000E-3,
,,,15.8000,202.40000E-3,
,,,15.8100,192.80000E-3,
,,,15.8200,195.20000E-3,
,,,15.8300,192.80000E-3,
,,,15.8400,192.00000E-3,
,,,15.8500,193.60000E-3,
,,,15.8600,192.00000E-3,
,,,15.8700,193.60000E-3,
,,,15.8800,193.60000E-3,
,,,15.8900,195.20000E-3,
,,,15.9000,199.19999E-3,
,,,15.9100,194.40000E-3,
,,,15.9200,196.79999E-3,
,,,15.9300,189.59999E-3,
,,,15.9400,194.40000E-3,
,,,15.9500,196.79999E-3,
,,,15.9600,197.59999E-3,
,,,15.9700,194.40000E-3,
,,,15.9800,198.39999E-3,
,,,15.9900,197.59999E-3,
,,,16.0000,196.79999E-3,
,,,16.0100,192.00000E-3,
,,,16.0200,193.60000E-3,
,,,16.0300,188.79999E-3,
,,,16.0400,193.60000E-3,
,,,16.0500,194.40000E-3,
,,,16.0600,187.19999E-3,
,,,16.0700,187.99999E-3,
,,,16.0800,194.40000E-3,
,,,16.0900,197.59999E-3,
,,,16.1000,203.20000E-3,
,,,16.1100,197.59999E-3,
,,,16.1200,192.80000E-3,
,,,16.1300,192.00000E-3,
,,,16.1400,194.40000E-3,
,,,16.1500,194.40000E-3,
,,,16.1600,196.79999E-3,
,,,16.1700,199.19999E-3,
,,,16.1800,194.40000E-3,
,,,16.1900,197.59999E-3,
,,,16.2000,199.19999E-3,
,,,16.2100,192.00000E-3,
,,,16.2200,192.80000E-3,
,,,16.2300,190.39999E-3,
,,,16.2400,189.59999E-3,
,,,16.2500,199.19999E-3,
,,,16.2600,192.80000E-3,
,,,16.2700,195.99999E-3,
,,,16.2800,197.59999E-3,
,,,16.2900,200.80000E-3,
,,,16.3000,199.19999E-3,
,,,16.3100,193.60000E-3,
,,,16.3200,195.20000E-3,
,,,16.3300,195.20000E-3,
,,,16.3400,199.99999E-3,
,,,16.3500,198.39999E-3,
,,,16.3600,196.79999E-3,
,,,16.3700,198.39999E-3,
,,,16.3800,198.39999E-3,
,,,16.3900,201.60000E-3,
,,,16.4000,196.79999E-3,
,,,16.4100,191.19999E-3,
,,,16.4200,190.39999E-3,
,,,16.4300,192.00000E-3,
,,,16.4400,195.20000E-3,
,,,16.4500,196.79999E-3,
,,,16.4600,197.59999E-3,
,,,16.4700,203.20000E-3,
,,,16.4800,204.00000E-3,
,,,16.4900,200.80000E-3,
,,,16.5000,209.60000E-3,
,,,16.5100,195.20000E-3,
,,,16.5200,199.99999E-3,
,,,16.5300,197.59999E-3,
,,,16.5400,199.99999E-3,
,,,16.5500,203.20000E-3,
,,,16.5600,199.19999E-3,
,,,16.5700,201.60000E-3,
,,,16.5800,197.59999E-3,
,,,16.5900,195.20000E-3,
,,,16.6000,197.59999E-3,
,,,16.6100,187.99999E-3,
,,,16.6200,192.80000E-3,
,,,16.6300,196.79999E-3,
,,,16.6400,191.19999E-3,
,,,16.6500,192.00000E-3,
,,,16.6600,202.40000E-3,
,,,16.6700,199.19999E-3,
,,,16.6800,199.19999E-3,
,,,16.6900,198.39999E-3,
,,,16.7000,197.59999E-3,
,,,16.7100,193.60000E-3,
,,,16.7200,192.80000E-3,
,,,16.7300,192.00000E-3,
,,,16.7400,192.80000E-3,
,,,16.7500,201.60000E-3,
,,,16.7600,194.40000E-3,
,,,16.7700,195.20000E-3,
,,,16.7800,195.20000E-3,
,,,16.7900,195.20000E-3,
,,,16.8000,190.39999E-3,
,,,16.8100,190.39999E-3,
,,,16.8200,195.20000E-3,
,,,16.8300,190.39999E-3,
,,,16.8400,193.60000E-3,
,,,16.8500,197.59999E-3,
,,,16.8600,198.39999E-3,
,,,16.8700,199.99999E-3,
,,,16.8800,199.99999E-3,
,,,16.8900,200.80000E-3,
,,,16.9000,195.99999E-3,
,,,16.9100,193.60000E-3,
,,,16.9200,195.99999E-3,
,,,16.9300,198.39999E-3,
,,,16.9400,198.39999E-3,
,,,16.9500,202.40000E-3,
,,,16.9600,194.40000E-3,
,,,16.9700,197.59999E-3,
,,,16.9800,196.79999E-3,
,,,16.9900,194.40000E-3,
,,,17.0000,195.20000E-3,
,,,17.0100,190.39999E-3,
,,,17.0200,192.00000E-3,
,,,17.0300,192.80000E-3,
,,,17.0400,195.99999E-3,
,,,17.0500,199.99999E-3,
,,,17.0600,195.99999E-3,
,,,17.0700,202.40000E-3,
,,,17.0800,197.59999E-3,
,,,17.0900,196.79999E-3,
,,,17.1000,195.99999E-3,
,,,17.1100,194.40000E-3,
,,,17.1200,197.59999E-3,
,,,17.1300,199.19999E-3,
,,,17.1400,200.80000E-3,
,,,17.1500,204.00000E-3,
,,,17.1600,198.39999E-3,
,,,17.1700,203.20000E-3,
,,,17.1800,191.19999E-3,
,,,17.1900,192.80000E-3,
,,,17.2000,192.80000E-3,
,,,17.2100,192.00000E-3,
,,,17.2200,197.59999E-3,
,,,17.2300,193.60000E-3,
,,,17.2400,195.99999E-3,
,,,17.2500,203.20000E-3,
,,,17.2600,197.59999E-3,
,,,17.2700,204.00000E-3,
,,,17.2800,195.20000E-3,
,,,17.2900,203.20000E-3,
,,,17.3000,199.99999E-3,
,,,17.3100,201.60000E-3,
,,,17.3200,203.20000E-3,
,,,17.3300,195.99999E-3,
,,,17.3400,204.00000E-3,
,,,17.3500,206.39999E-3,
,,,17.3600,201.60000E-3,
,,,17.3700,198.39999E-3,
,,,17.3800,196.79999E-3,
,,,17.3900,192.00000E-3,
,,,17.4000,198.39999E-3,
,,,17.4100,192.00000E-3,
,,,17.4200,199.99999E-3,
,,,17.4300,195.99999E-3,
,,,17.4400,199.99999E-3,
,,,17.4500,201.60000E-3,
,,,17.4600,198.39999E-3,
,,,17.4700,199.99999E-3,
,,,17.4800,198.39999E-3,
,,,17.4900,199.99999E-3,
,,,17.5000,206.39999E-3,
,,,17.5100,195.99999E-3,
,,,17.5200,201.60000E-3,
,,,17.5300,196.79999E-3,
,,,17.5400,199.99999E-3,
,,,17.5500,206.39999E-3,
,,,17.5600,200.80000E-3,
,,,17.5700,198.39999E-3,
,,,17.5800,191.19999E-3,
,,,17.5900,192.00000E-3,
,,,17.6000,198.39999E-3,
,,,17.6100,192.80000E-3,
,,,17.6200,199.99999E-3,
,,,17.6300,194.40000E-3,
,,,17.6400,200.80000E-3,
,,,17.6500,206.39999E-3,
,,,17.6600,197.59999E-3,
,,,17.6700,202.40000E-3,
,,,17.6800,201.60000E-3,
,,,17.6900,199.19999E-3,
,,,17.7000,201.60000E-3,
,,,17.7100,199.19999E-3,
,,,17.7200,202.40000E-3,
,,,17.7300,200.80000E-3,
,,,17.7400,204.00000E-3,
,,,17.7500,205.59999E-3,
,,,17.7600,195.99999E-3,
,,,17.7700,200.80000E-3,
,,,17.7800,192.00000E-3,
,,,17.7900,196.79999E-3,
,,,17.8000,195.20000E-3,
,,,17.8100,193.60000E-3,
,,,17.8200,199.19999E-3,
,,,17.8300,201.60000E-3,
,,,17.8400,200.80000E-3,
,,,17.8500,205.59999E-3,
,,,17.8600,201.60000E-3,
,,,17.8700,204.79999E-3,
,,,17.8800,201.60000E-3,
,,,17.8900,205.59999E-3,
,,,17.9000,204.00000E-3,
,,,17.9100,199.99999E-3,
,,,17.9200,204.00000E-3,
,,,17.9300,204.00000E-3,
,,,17.9400,200.80000E-3,
,,,17.9500,203.20000E-3,
,,,17.9600,194.40000E-3,
,,,17.9700,198.39999E-3,
,,,17.9800,193.60000E-3,
,,,17.9900,197.59999E-3,
,,,18.0000,199.99999E-3,
,,,18.0100,198.39999E-3,
,,,18.0200,203.20000E-3,
,,,18.0300,201.60000E-3,
,,,18.0400,203.20000E-3,
,,,18.0500,207.19999E-3,
,,,18.0600,199.19999E-3,
,,,18.0700,204.00000E-3,
,,,18.0800,202.40000E-3,
,,,18.0900,203.20000E-3,
,,,18.1000,205.59999E-3,
,,,18.1100,204.00000E-3,
,,,18.1200,204.79999E-3,
,,,18.1300,202.40000E-3,
,,,18.1400,207.19999E-3,
,,,18.1500,204.00000E-3,
,,,18.1600,195.20000E-3,
,,,18.1700,195.20000E-3,
,,,18.1800,195.20000E-3,
,,,18.1900,191.19999E-3,
,,,18.2000,203.20000E-3,
,,,18.2100,192.00000E-3,
,,,18.2200,204.00000E-3,
,,,18.2300,201.60000E-3,
,,,18.2400,202.40000E-3,
,,,18.2500,204.00000E-3,
,,,18.2600,203.20000E-3,
,,,18.2700,206.39999E-3,
,,,18.2800,200.80000E-3,
,,,18.2900,204.00000E-3,
,,,18.3000,209.60000E-3,
,,,18.3100,204.00000E-3,
,,,18.3200,207.19999E-3,
,,,18.3300,207.19999E-3,
,,,18.3400,204.79999E-3,
,,,18.3500,204.79999E-3,
,,,18.3600,193.60000E-3,
,,,18.3700,195.20000E-3,
,,,18.3800,199.19999E-3,
,,,18.3900,194.40000E-3,
,,,18.4000,199.99999E-3,
,,,18.4100,199.19999E-3,
,,,18.4200,204.00000E-3,
,,,18.4300,202.40000E-3,
,,,18.4400,208.79999E-3,
,,,18.4500,212.80000E-3,
,,,18.4600,201.60000E-3,
,,,18.4700,212.80000E-3,
,,,18.4800,197.59999E-3,
,,,18.4900,210.40000E-3,
,,,18.5000,210.40000E-3,
,,,18.5100,203.20000E-3,
,,,18.5200,208.79999E-3,
,,,18.5300,204.79999E-3,
,,,18.5400,195.99999E-3,
,,,18.5500,207.19999E-3,
,,,18.5600,185.60000E-3,
,,,18.5700,195.99999E-3,
,,,18.5800,192.00000E-3,
,,,18.5900,196.79999E-3,
,,,18.6000,201.60000E-3,
,,,18.6100,195.20000E-3,
,,,18.6200,204.79999E-3,
,,,18.6300,202.40000E-3,
,,,18.6400,206.39999E-3,
,,,18.6500,207.99999E-3,
,,,18.6600,204.00000E-3,
,,,18.6700,210.40000E-3,
,,,18.6800,206.39999E-3,
,,,18.6900,203.20000E-3,
,,,18.7000,204.00000E-3,
,,,18.7100,203.20000E-3,
,,,18.7200,207.99999E-3,
,,,18.7300,201.60000E-3,
,,,18.7400,206.39999E-3,
,,,18.7500,197.59999E-3,
,,,18.7600,195.99999E-3,
,,,18.7700,192.00000E-3,
,,,18.7800,190.39999E-3,
,,,18.7900,199.19999E-3,
,,,18.8000,207.19999E-3,
,,,18.8100,203.20000E-3,
,,,18.8200,208.79999E-3,
,,,18.8300,204.79999E-3,
,,,18.8400,205.59999E-3,
,,,18.8500,207.19999E-3,
,,,18.8600,204.79999E-3,
,,,18.8700,204.79999E-3,
,,,18.8800,212.00000E-3,
,,,18.8900,204.00000E-3,
,,,18.9000,213.59999E-3,
,,,18.9100,205.59999E-3,
,,,18.9200,206.39999E-3,
,,,18.9300,199.99999E-3,
,,,18.9400,195.99999E-3,
,,,18.9500,201.60000E-3,
,,,18.9600,194.40000E-3,
,,,18.9700,199.99999E-3,
,,,18.9800,192.80000E-3,
,,,18.9900,200.80000E-3,
,,,19.0000,207.19999E-3,
,,,19.0100,204.00000E-3,
,,,19.0200,207.19999E-3,
,,,19.0300,204.00000E-3,
,,,19.0400,206.39999E-3,
,,,19.0500,211.20000E-3,
,,,19.0600,204.79999E-3,
,,,19.0700,206.39999E-3,
,,,19.0800,207.99999E-3,
,,,19.0900,210.40000E-3,
,,,19.1000,217.59999E-3,
,,,19.1100,201.60000E-3,
,,,19.1200,204.00000E-3,
,,,19.1300,197.59999E-3,
,,,19.1400,200.80000E-3,
,,,19.1500,202.40000E-3,
,,,19.1600,198.39999E-3,
,,,19.1700,199.19999E-3,
,,,19.1800,201.60000E-3,
,,,19.1900,197.59999E-3,
,,,19.2000,212.80000E-3,
,,,19.2100,206.39999E-3,
,,,19.2200,212.00000E-3,
,,,19.2300,201.60000E-3,
,,,19.2400,207.19999E-3,
,,,19.2500,208.79999E-3,
,,,19.2600,204.79999E-3,
,,,19.2700,206.39999E-3,
,,,19.2800,206.39999E-3,
,,,19.2900,204.79999E-3,
,,,19.3000,209.60000E-3,
,,,19.3100,204.00000E-3,
,,,19.3200,198.39999E-3,
,,,19.3300,198.39999E-3,
,,,19.3400,199.19999E-3,
,,,19.3500,197.59999E-3,
,,,19.3600,199.99999E-3,
,,,19.3700,197.59999E-3,
,,,19.3800,199.19999E-3,
,,,19.3900,204.79999E-3,
,,,19.4000,209.60000E-3,
,,,19.4100,206.39999E-3,
,,,19.4200,211.20000E-3,
,,,19.4300,204.00000E-3,
,,,19.4400,205.59999E-3,
,,,19.4500,212.00000E-3,
,,,19.4600,200.80000E-3,
,,,19.4700,211.20000E-3,
,,,19.4800,195.99999E-3,
,,,19.4900,196.79999E-3,
,,,19.5000,218.40000E-3,
,,,19.5100,199.99999E-3,
,,,19.5200,197.59999E-3,
,,,19.5300,202.40000E-3,
,,,19.5400,215.19999E-3,
,,,19.5500,204.79999E-3,
,,,19.5600,195.20000E-3,
,,,19.5700,195.20000E-3,
,,,19.5800,201.60000E-3,
,,,19.5900,192.80000E-3,
,,,19.6000,209.60000E-3,
,,,19.6100,203.20000E-3,
,,,19.6200,223.19999E-3,
,,,19.6300,205.59999E-3,
,,,19.6400,219.20000E-3,
,,,19.6500,211.20000E-3,
,,,19.6600,204.79999E-3,
,,,19.6700,207.99999E-3,
,,,19.6800,207.99999E-3,
,,,19.6900,198.39999E-3,
,,,19.7000,192.00000E-3,
,,,19.7100,196.79999E-3,
,,,19.7200,199.99999E-3,
,,,19.7300,194.40000E-3,
,,,19.7400,199.19999E-3,
,,,19.7500,200.80000E-3,
,,,19.7600,197.59999E-3,
,,,19.7700,199.99999E-3,
,,,19.7800,199.99999E-3,
,,,19.7900,204.79999E-3,
,,,19.8000,212.00000E-3,
,,,19.8100,207.19999E-3,
,,,19.8200,204.00000E-3,
,,,19.8300,202.40000E-3,
,,,19.8400,205.59999E-3,
,,,19.8500,209.60000E-3,
,,,19.8600,202.40000E-3,
,,,19.8700,203.20000E-3,
,,,19.8800,203.20000E-3,
,,,19.8900,204.79999E-3,
,,,19.9000,203.20000E-3,
,,,19.9100,199.99999E-3,
,,,19.9200,199.99999E-3,
,,,19.9300,192.80000E-3,
,,,19.9400,195.20000E-3,
,,,19.9500,200.80000E-3,
,,,19.9600,199.99999E-3,
,,,19.9700,203.20000E-3,
,,,19.9800,202.40000E-3,
,,,19.9900,205.59999E-3,
,,,20.0000,207.99999E-3,
,,,20.0100,207.99999E-3,
,,,20.0200,210.40000E-3,
,,,20.0300,204.00000E-3,
,,,20.0400,205.59999E-3,
,,,20.0500,206.39999E-3,
,,,20.0600,209.60000E-3,
,,,20.0700,206.39999E-3,
,,,20.0800,196.79999E-3,
,,,20.09000,197.59999E-3,
,,,20.10000,199.19999E-3,
,,,20.11000,198.39999E-3,
,,,20.12000,198.39999E-3,
,,,20.13000,191.19999E-3,
,,,20.14000,192.80000E-3,
,,,20.15000,198.39999E-3,
,,,20.16000,195.20000E-3,
,,,20.17000,205.59999E-3,
,,,20.18000,205.59999E-3,
,,,20.19000,205.59999E-3,
,,,20.20000,207.19999E-3,
,,,20.21000,205.59999E-3,
,,,20.22000,203.20000E-3,
,,,20.23000,207.19999E-3,
,,,20.24000,200.80000E-3,
,,,20.25000,208.79999E-3,
,,,20.26000,201.60000E-3,
,,,20.27000,198.39999E-3,
,,,20.28000,198.39999E-3,
,,,20.29000,199.99999E-3,
,,,20.30000,195.99999E-3,
,,,20.31000,190.39999E-3,
,,,20.32000,192.80000E-3,
,,,20.33000,190.39999E-3,
,,,20.34000,195.99999E-3,
,,,20.35000,199.19999E-3,
,,,20.36000,198.39999E-3,
,,,20.37000,203.20000E-3,
,,,20.38000,200.80000E-3,
,,,20.39000,201.60000E-3,
,,,20.40000,207.19999E-3,
,,,20.41000,201.60000E-3,
,,,20.42000,203.20000E-3,
,,,20.43000,204.79999E-3,
,,,20.44000,205.59999E-3,
,,,20.45000,200.80000E-3,
,,,20.46000,201.60000E-3,
,,,20.47000,197.59999E-3,
,,,20.48000,195.99999E-3,
,,,20.49000,197.59999E-3,
,,,20.50000,192.80000E-3,
,,,20.51000,187.99999E-3,
,,,20.52000,196.79999E-3,
,,,20.53000,192.00000E-3,
,,,20.54000,199.99999E-3,
,,,20.55000,200.80000E-3,
,,,20.56000,199.19999E-3,
,,,20.57000,204.00000E-3,
,,,20.58000,204.00000E-3,
,,,20.59000,200.80000E-3,
,,,20.60000,204.00000E-3,
,,,20.61000,199.19999E-3,
,,,20.62000,204.00000E-3,
,,,20.63000,195.20000E-3,
,,,20.64000,199.99999E-3,
,,,20.65000,201.60000E-3,
,,,20.66000,192.80000E-3,
,,,20.67000,199.99999E-3,
,,,20.68000,190.39999E-3,
,,,20.69000,192.80000E-3,
,,,20.70000,189.59999E-3,
,,,20.71000,188.79999E-3,
,,,20.72000,195.20000E-3,
,,,20.73000,192.80000E-3,
,,,20.74000,194.40000E-3,
,,,20.75000,201.60000E-3,
,,,20.76000,206.39999E-3,
,,,20.77000,203.20000E-3,
,,,20.78000,199.19999E-3,
,,,20.79000,199.99999E-3,
,,,20.80000,206.39999E-3,
,,,20.81000,199.99999E-3,
,,,20.82000,207.19999E-3,
,,,20.83000,199.99999E-3,
,,,20.84000,205.59999E-3,
,,,20.85000,204.79999E-3,
,,,20.86000,204.00000E-3,
,,,20.87000,204.00000E-3,
,,,20.88000,193.60000E-3,
,,,20.89000,192.00000E-3,
,,,20.90000,198.39999E-3,
,,,20.91000,192.80000E-3,
,,,20.92000,195.20000E-3,
,,,20.93000,192.00000E-3,
,,,20.94000,204.79999E-3,
,,,20.95000,204.79999E-3,
,,,20.96000,209.60000E-3,
,,,20.97000,209.60000E-3,
,,,20.98000,203.20000E-3,
,,,20.99000,204.00000E-3,
,,,21.00000,200.80000E-3,
,,,21.01000,205.59999E-3,
,,,21.02000,205.59999E-3,
,,,21.03000,202.40000E-3,
,,,21.04000,205.59999E-3,
,,,21.05000,208.79999E-3,
,,,21.06000,200.80000E-3,
,,,21.07000,203.20000E-3,
,,,21.08000,194.40000E-3,
,,,21.09000,196.79999E-3,
,,,21.10000,192.80000E-3,
,,,21.11000,196.79999E-3,
,,,21.12000,201.60000E-3,
,,,21.13000,198.39999E-3,
,,,21.14000,201.60000E-3,
,,,21.15000,207.99999E-3,
,,,21.16000,210.40000E-3,
,,,21.17000,206.39999E-3,
,,,21.18000,210.40000E-3,
,,,21.19000,206.39999E-3,
,,,21.20000,210.40000E-3,
,,,21.21000,193.60000E-3,
,,,21.22000,207.99999E-3,
,,,21.23000,207.99999E-3,
,,,21.24000,204.00000E-3,
,,,21.25000,210.40000E-3,
,,,21.26000,200.80000E-3,
,,,21.27000,198.39999E-3,
,,,21.28000,195.99999E-3,
,,,21.29000,194.40000E-3,
,,,21.30000,196.79999E-3,
,,,21.31000,195.20000E-3,
,,,21.32000,204.00000E-3,
,,,21.33000,197.59999E-3,
,,,21.34000,202.40000E-3,
,,,21.35000,209.60000E-3,
,,,21.36000,204.00000E-3,
,,,21.37000,211.20000E-3,
,,,21.38000,204.79999E-3,
,,,21.39000,202.40000E-3,
,,,21.40000,208.79999E-3,
,,,21.41000,206.39999E-3,
,,,21.42000,213.59999E-3,
,,,21.43000,200.80000E-3,
,,,21.44000,205.59999E-3,
,,,21.45000,211.20000E-3,
,,,21.46000,200.80000E-3,
,,,21.47000,206.39999E-3,
,,,21.48000,194.40000E-3,
,,,21.49000,201.60000E-3,
,,,21.50000,204.79999E-3,
,,,21.51000,204.00000E-3,
,,,21.52000,204.00000E-3,
,,,21.53000,203.20000E-3,
,,,21.54000,206.39999E-3,
,,,21.55000,210.40000E-3,
,,,21.56000,205.59999E-3,
,,,21.57000,214.39999E-3,
,,,21.58000,206.39999E-3,
,,,21.59000,212.00000E-3,
,,,21.60000,206.39999E-3,
,,,21.61000,207.19999E-3,
,,,21.62000,212.00000E-3,
,,,21.63000,203.20000E-3,
,,,21.64000,202.40000E-3,
,,,21.65000,206.39999E-3,
,,,21.66000,195.99999E-3,
,,,21.67000,204.00000E-3,
,,,21.68000,199.99999E-3,
,,,21.69000,200.80000E-3,
,,,21.70000,199.99999E-3,
,,,21.71000,199.99999E-3,
,,,21.72000,204.00000E-3,
,,,21.73000,206.39999E-3,
,,,21.74000,206.39999E-3,
,,,21.75000,207.99999E-3,
,,,21.76000,206.39999E-3,
,,,21.77000,211.20000E-3,
,,,21.78000,208.79999E-3,
,,,21.79000,205.59999E-3,
,,,21.80000,206.39999E-3,
,,,21.81000,202.40000E-3,
,,,21.82000,207.99999E-3,
,,,21.83000,208.79999E-3,
,,,21.84000,236.80000E-3,
,,,21.85000,188.79999E-3,
,,,21.86000,211.20000E-3,
,,,21.87000,175.20000E-3,
,,,21.88000,207.19999E-3,
,,,21.89000,174.40000E-3,
,,,21.90000,215.19999E-3,
,,,21.91000,199.19999E-3,
,,,21.92000,186.40000E-3,
,,,21.93000,176.80000E-3,
,,,21.94000,182.39999E-3,
,,,21.95000,222.39999E-3,
,,,21.96000,187.99999E-3,
,,,21.97000,231.19999E-3,
,,,21.98000,204.00000E-3,
,,,21.99000,199.19999E-3,
,,,22.00000,202.40000E-3,
,,,22.01000,200.80000E-3,
,,,22.02000,199.99999E-3,
,,,22.03000,200.80000E-3,
,,,22.04000,202.40000E-3,
,,,22.05000,201.60000E-3,
,,,22.06000,194.40000E-3,
,,,22.07000,201.60000E-3,
,,,22.08000,191.19999E-3,
,,,22.09000,199.19999E-3,
,,,22.10000,197.59999E-3,
,,,22.11000,199.99999E-3,
,,,22.12000,201.60000E-3,
,,,22.13000,200.80000E-3,
,,,22.14000,201.60000E-3,
,,,22.15000,207.19999E-3,
,,,22.16000,203.20000E-3,
,,,22.17000,206.39999E-3,
,,,22.18000,204.00000E-3,
,,,22.19000,200.80000E-3,
,,,22.20000,207.19999E-3,
,,,22.21000,198.39999E-3,
,,,22.22000,208.79999E-3,
,,,22.23000,199.19999E-3,
,,,22.24000,199.19999E-3,
,,,22.25000,207.19999E-3,
,,,22.26000,191.19999E-3,
,,,22.27000,195.99999E-3,
,,,22.28000,197.59999E-3,
,,,22.29000,190.39999E-3,
,,,22.30000,197.59999E-3,
,,,22.31000,193.60000E-3,
,,,22.32000,222.39999E-3,
,,,22.33000,195.99999E-3,
,,,22.34000,198.39999E-3,
,,,22.35000,211.20000E-3,
,,,22.36000,201.60000E-3,
,,,22.37000,210.40000E-3,
,,,22.38000,199.19999E-3,
,,,22.39000,204.79999E-3,
,,,22.40000,207.19999E-3,
,,,22.41000,201.60000E-3,
,,,22.42000,214.39999E-3,
,,,22.43000,196.79999E-3,
,,,22.44000,196.79999E-3,
,,,22.45000,204.79999E-3,
,,,22.46000,195.20000E-3,
,,,22.47000,204.79999E-3,
,,,22.48000,196.79999E-3,
,,,22.49000,194.40000E-3,
,,,22.50000,207.19999E-3,
,,,22.51000,204.00000E-3,
,,,22.52000,215.19999E-3,
,,,22.53000,201.60000E-3,
,,,22.54000,209.60000E-3,
,,,22.55000,210.40000E-3,
,,,22.56000,202.40000E-3,
,,,22.57000,206.39999E-3,
,,,22.58000,201.60000E-3,
,,,22.59000,204.00000E-3,
,,,22.60000,207.99999E-3,
,,,22.61000,207.19999E-3,
,,,22.62000,210.40000E-3,
,,,22.63000,200.80000E-3,
,,,22.64000,201.60000E-3,
,,,22.65000,199.99999E-3,
,,,22.66000,197.59999E-3,
,,,22.67000,204.00000E-3,
,,,22.68000,197.59999E-3,
,,,22.69000,199.99999E-3,
,,,22.70000,206.39999E-3,
,,,22.71000,205.59999E-3,
,,,22.72000,206.39999E-3,
,,,22.73000,204.00000E-3,
,,,22.74000,201.60000E-3,
,,,22.75000,214.39999E-3,
,,,22.76000,201.60000E-3,
,,,22.77000,215.19999E-3,
,,,22.78000,200.80000E-3,
,,,22.79000,204.79999E-3,
,,,22.80000,209.60000E-3,
,,,22.81000,204.00000E-3,
,,,22.82000,207.19999E-3,
,,,22.83000,198.39999E-3,
,,,22.84000,198.39999E-3,
,,,22.85000,198.39999E-3,
,,,22.86000,192.80000E-3,
,,,22.87000,197.59999E-3,
,,,22.88000,194.40000E-3,
,,,22.89000,201.60000E-3,
,,,22.90000,204.00000E-3,
,,,22.91000,207.99999E-3,
,,,22.92000,207.99999E-3,
,,,22.93000,202.40000E-3,
,,,22.94000,200.80000E-3,
,,,22.95000,204.79999E-3,
,,,22.96000,204.00000E-3,
,,,22.97000,202.40000E-3,
,,,22.98000,200.80000E-3,
,,,22.99000,204.79999E-3,
,,,23.00000,207.19999E-3,
,,,23.01000,206.39999E-3,
,,,23.02000,207.19999E-3,
,,,23.03000,201.60000E-3,
,,,23.04000,190.39999E-3,
,,,23.05000,200.80000E-3,
,,,23.06000,198.39999E-3,
,,,23.07000,210.40000E-3,
,,,23.08000,201.60000E-3,
,,,23.09000,206.39999E-3,
,,,23.10000,210.40000E-3,
,,,23.11000,205.59999E-3,
,,,23.12000,209.60000E-3,
,,,23.13000,204.00000E-3,
,,,23.14000,212.80000E-3,
,,,23.15000,205.59999E-3,
,,,23.16000,203.20000E-3,
,,,23.17000,212.80000E-3,
,,,23.18000,202.40000E-3,
,,,23.19000,204.00000E-3,
,,,23.20000,206.39999E-3,
,,,23.21000,202.40000E-3,
,,,23.22000,207.19999E-3,
,,,23.23000,200.80000E-3,
,,,23.24000,200.80000E-3,
,,,23.25000,202.40000E-3,
,,,23.26000,199.99999E-3,
,,,23.27000,204.79999E-3,
,,,23.28000,198.39999E-3,
,,,23.29000,205.59999E-3,
,,,23.30000,205.59999E-3,
,,,23.31000,204.00000E-3,
,,,23.32000,210.40000E-3,
,,,23.33000,204.79999E-3,
,,,23.34000,206.39999E-3,
,,,23.35000,212.80000E-3,
,,,23.36000,202.40000E-3,
,,,23.37000,212.00000E-3,
,,,23.38000,199.99999E-3,
,,,23.39000,209.60000E-3,
,,,23.40000,207.99999E-3,
,,,23.41000,205.59999E-3,
,,,23.42000,207.99999E-3,
,,,23.43000,204.79999E-3,
,,,23.44000,200.80000E-3,
,,,23.45000,206.39999E-3,
,,,23.46000,201.60000E-3,
,,,23.47000,212.80000E-3,
,,,23.48000,199.99999E-3,
,,,23.49000,208.79999E-3,
,,,23.50000,206.39999E-3,
,,,23.51000,207.99999E-3,
,,,23.52000,208.79999E-3,
,,,23.53000,206.39999E-3,
,,,23.54000,205.59999E-3,
,,,23.55000,210.40000E-3,
,,,23.56000,208.79999E-3,
,,,23.57000,211.20000E-3,
,,,23.58000,204.79999E-3,
,,,23.59000,204.79999E-3,
,,,23.60000,209.60000E-3,
,,,23.61000,203.20000E-3,
,,,23.62000,206.39999E-3,
,,,23.63000,199.19999E-3,
,,,23.64000,205.59999E-3,
,,,23.65000,204.00000E-3,
,,,23.66000,200.80000E-3,
,,,23.67000,216.79999E-3,
,,,23.68000,205.59999E-3,
,,,23.69000,207.99999E-3,
,,,23.70000,210.40000E-3,
,,,23.71000,207.19999E-3,
,,,23.72000,211.20000E-3,
,,,23.73000,204.79999E-3,
,,,23.74000,199.99999E-3,
,,,23.75000,211.20000E-3,
,,,23.76000,201.60000E-3,
,,,23.77000,214.39999E-3,
,,,23.78000,207.99999E-3,
,,,23.79000,204.00000E-3,
,,,23.80000,202.40000E-3,
,,,23.81000,200.80000E-3,
,,,23.82000,201.60000E-3,
,,,23.83000,198.39999E-3,
,,,23.84000,201.60000E-3,
,,,23.85000,201.60000E-3,
,,,23.86000,197.59999E-3,
,,,23.87000,205.59999E-3,
,,,23.88000,200.80000E-3,
,,,23.89000,206.39999E-3,
,,,23.90000,205.59999E-3,
,,,23.91000,205.59999E-3,
,,,23.92000,203.20000E-3,
,,,23.93000,203.20000E-3,
,,,23.94000,210.40000E-3,
,,,23.95000,204.79999E-3,
,,,23.96000,203.20000E-3,
,,,23.97000,213.59999E-3,
,,,23.98000,202.40000E-3,
,,,23.99000,204.00000E-3,
,,,24.00000,196.79999E-3,
,,,24.01000,195.99999E-3,
,,,24.02000,211.20000E-3,
,,,24.03000,193.60000E-3,
,,,24.04000,203.20000E-3,
,,,24.05000,199.99999E-3,
,,,24.06000,202.40000E-3,
,,,24.07000,207.19999E-3,
,,,24.08000,201.60000E-3,
,,,24.09000,207.19999E-3,
,,,24.10000,211.20000E-3,
,,,24.11000,203.20000E-3,
,,,24.12000,215.19999E-3,
,,,24.13000,203.20000E-3,
,,,24.14000,206.39999E-3,
,,,24.15000,207.99999E-3,
,,,24.16000,207.19999E-3,
,,,24.17000,216.79999E-3,
,,,24.18000,205.59999E-3,
,,,24.19000,32.80000E-3,
,,,24.20000,32.80000E-3,
,,,24.21000,32.80000E-3,
,,,24.22000,32.80000E-3,
,,,24.23000,32.80000E-3,
,,,24.24000,32.80000E-3,
,,,24.25000,32.80000E-3,
,,,24.26000,32.80000E-3,
,,,24.27000,32.80000E-3,
,,,24.28000,32.80000E-3,
,,,24.29000,32.80000E-3,
,,,24.30000,32.80000E-3,
,,,24.31000,32.80000E-3,
,,,24.32000,32.80000E-3,
,,,24.33000,32.80000E-3,
,,,24.34000,32.80000E-3,
,,,24.35000,32.80000E-3,
,,,24.36000,32.80000E-3,
,,,24.37000,32.80000E-3,
,,,24.38000,32.80000E-3,
,,,24.39000,32.80000E-3,
,,,24.40000,32.80000E-3,
,,,24.41000,32.80000E-3,
,,,24.42000,32.80000E-3,
,,,24.43000,32.80000E-3,
,,,24.44000,32.80000E-3,
,,,24.45000,32.80000E-3,
,,,24.46000,32.80000E-3,
,,,24.47000,32.80000E-3,
,,,24.48000,32.80000E-3,
,,,24.49000,32.80000E-3,
,,,24.50000,32.80000E-3,
,,,24.51000,32.80000E-3,
,,,24.52000,32.80000E-3,
,,,24.53000,32.80000E-3,
,,,24.54000,32.80000E-3,
,,,24.55000,32.80000E-3,
,,,24.56000,32.80000E-3,
,,,24.57000,32.80000E-3,
,,,24.58000,32.80000E-3,
,,,24.59000,32.80000E-3,
,,,24.60000,32.80000E-3,
,,,24.61000,32.80000E-3,
,,,24.62000,32.80000E-3,
,,,24.63000,32.80000E-3,
,,,24.64000,32.80000E-3,
,,,24.65000,32.80000E-3,
,,,24.66000,32.80000E-3,
,,,24.67000,32.80000E-3,
,,,24.68000,32.80000E-3,
,,,24.69000,32.80000E-3,
,,,24.70000,32.80000E-3,
,,,24.71000,32.80000E-3,
,,,24.72000,32.80000E-3,
,,,24.73000,32.80000E-3,
,,,24.74000,32.80000E-3,
,,,24.75000,32.80000E-3,
,,,24.76000,32.80000E-3,
,,,24.77000,32.80000E-3,
,,,24.78000,32.80000E-3,
,,,24.79000,32.80000E-3,
,,,24.80000,32.80000E-3,
,,,24.81000,32.80000E-3,
,,,24.82000,32.80000E-3,
,,,24.83000,32.80000E-3,
,,,24.84000,32.80000E-3,
,,,24.85000,32.80000E-3,
,,,24.86000,32.80000E-3,
,,,24.87000,32.80000E-3,
,,,24.88000,32.80000E-3,
,,,24.89000,32.80000E-3,
,,,24.90000,32.80000E-3,
,,,24.91000,32.80000E-3,
,,,24.92000,32.80000E-3,
,,,24.93000,32.80000E-3,
,,,24.94000,32.80000E-3,
,,,24.95000,32.80000E-3,
,,,24.96000,32.80000E-3,
,,,24.97000,32.80000E-3,
,,,24.98000,32.80000E-3,
,,,24.99000,32.80000E-3,
